"m8nstar","thasup","m8nstar","le mie hit e recenti","Playlist","ITB001900255","5Aw0QmDZJZID69ZcTvEzXI"
"Che Ore Sono (feat. Venerus)","Gemitaiz","Scatola Nera","le mie hit e recenti","Playlist","ITDF41900034","3bj6F2PY4PWMNrAuywX5cR"
"LUNEDI'","Salmo","Playlist","le mie hit e recenti","Playlist","ITB001800499","1VNARx6Sm6ZYAsDMCGiU1B"
"QUELLI CHE NON PENSANO - Il cervello (feat. Coez)","Marracash","Persona","le mie hit e recenti","Playlist","ITUM71901141","6l1Jnqfu7GAOV4MDgA2bNP"
"Netflix","Lazza","Re Mida","le mie hit e recenti","Playlist","ITCVA1900005","1XiF40UZiMZstIl37DdRaC"
"The Box","Roddy Ricch","Please Excuse Me for Being Antisocial","le mie hit e recenti","Playlist","USAT21906978","0nbXyq5TXYPCO7pr3N8S4I"
"Saturno - prod. Strage","Nitro","GarbAge","le mie hit e recenti","Playlist","ITB002000130","6AOL4BUu1uololprpYnlfH"
"goosebumps","Travis Scott","Birds In The Trap Sing McKnight","le mie hit e recenti","Playlist","USSM11607555","6gBFPUFcJLzWGx4lenP6h2"
"STARGAZING","Travis Scott","ASTROWORLD","le mie hit e recenti","Playlist","USSM11806658","7wBJfHzpfI3032CSD7CE2m"
"BUTTERFLY EFFECT","Travis Scott","ASTROWORLD","le mie hit e recenti","Playlist","USSM11704799","2cYqizR4lgvp4Qu6IQ3qGN"
"Crema di buccia","chiello","Crema di buccia","le mie hit e recenti","Playlist","ITDF62077055","2X6qtRhSl4r2KPnwpct4AT"
"Spigoli","Carl Brave","Spigoli","le mie hit e recenti","Playlist","ITUM72000490","1XQvMjA9IiIx1lAiTHSxQi"
"Acqua Salata","chiello","Acqua Salata","le mie hit e recenti","Playlist","TCAEF1998631","4FgLocnzkfcDbEjKU9Q2ts"
"UNA FAVOLA","Zoda","UNA FAVOLA","le mie hit e recenti","Playlist","TCAET2092470","0RHfoNu48a4zLXW9AS609n"
"Cambiare Adesso","Dark Polo Gang","Trap Lovers","le mie hit e recenti","Playlist","ITUM71800874","2xjxaKiYssIdDU6DCPpZPt"
"ROSE & ROVI","Rosa Chemical","FOREVER","le mie hit e recenti","Playlist","ITDF62077077","45CUOI8AfmABHQHyc6Lptk"
"Outro (Niente di Speciale) - prod. Strage, Q3000","Dani Faiv","Scusate se esistiamo","le mie hit e recenti","Playlist","ITB002000252","2jOXgMw5Ew8PFWy1abGNOU"
"Weekend a Miami (feat. Shiva) - prod. Strage","Dani Faiv","Scusate se esistiamo","le mie hit e recenti","Playlist","ITB002000245","2Cft8QMGbXrhIMUWyllZ0s"
"Fuoriluogo (feat. Madame)","Ernia","Gemelli","le mie hit e recenti","Playlist","ITUM72000311","1LElRnF04TONfEaO4R2wqO"
"Ferma A Guardare","Ernia","Gemelli","le mie hit e recenti","Playlist","ITUM72000306","2UJFzqzkU6eByT6tdi2iLf"
"J","Lazza","J","le mie hit e recenti","Playlist","ITUM72000736","72rWtqrT17EJ56gTmEMmoA"
"LIMBO (feat. Gemitaiz)","Lazza","J","le mie hit e recenti","Playlist","ITUM72000742","36puK87J6Wz5y51S2CjMc3"
"Morto Mai (Piano Solo)","Lazza","Re Mida (Aurum)","le mie hit e recenti","Playlist","ITUM71900977","4vuQhmBVvyy4Zau0Ypv738"
"Bianco/Gospel","Gemitaiz","Bianco/Gospel","le mie hit e recenti","Playlist","ITDF42000008","3doU8CAkhCVr0lfTy9vmIy"
"Senza Di Me (feat. Venerus & Franco126)","Gemitaiz","Senza Di Me","le mie hit e recenti","Playlist","ITDF41800044","3xGD5KhnizETt7KQwxtUAc"
"Polvere (feat. Capo Plaza)","Tedua","Vita Vera Mixtape","le mie hit e recenti","Playlist","IT1S12000003","0ZzXPo0gS5h718w7WErG44"
"Lulu (Acoustic Version)","Nayt","Un bacio (Deluxe Edition)","le mie hit e recenti","Playlist","TCACO1644881","0XRy0dGXI46pAaa5LUA2Gw"
"Laugh Now Cry Later (feat. Lil Durk)","Drake","Laugh Now Cry Later (feat. Lil Durk)","le mie hit e recenti","Playlist","USUG12001748","2SAqBLGA283SUiwJ3xOUVI"
"90MIN","Salmo","Playlist","le mie hit e recenti","Playlist","ITB001800495","3Ls9yKzshQye18Tx2AvOb6"
"Falling Down - Bonus Track","Lil Peep","Come Over When You're Sober, Pt. 2","le mie hit e recenti","Playlist","USQX91802294","4jvjzW7Hm0yK4LvvE0Paz9"
"Gxldchainnn","Radical","TRASHBIN, Vol. 1","le mie hit e recenti","Playlist","QZES51841180","00218i6cYENiDszmBKsYYg"
"Bottiglie Privè","Sfera Ebbasta","Bottiglie Privè","le mie hit e recenti","Playlist","ITUM72001137","3E2KP5AWn6Wx0NcPstzKeo"
"Winston Blue","Olly","Winston Blue","le mie hit e recenti","Playlist","TCAFC2041284","60JYJtqenEIrWuQloBecbn"
"QVC9","Gemitaiz","QVC9 - QUELLO CHE VI CONSIGLIO VOL. 9","le mie hit e recenti","Playlist","ITDF42000009","39Hg30Dwak4wyX3K2SI02E"
"Mondo Di Fango","Gemitaiz","QVC9 - QUELLO CHE VI CONSIGLIO VOL. 9","le mie hit e recenti","Playlist","ITDF42000012","3rR90ytwXhFCGXjbDzN7HI"
"Mama (feat. Nitro)","Gemitaiz","QVC9 - QUELLO CHE VI CONSIGLIO VOL. 9","le mie hit e recenti","Playlist","ITDF42000011","1ws9IBGum9LLNEdSVNO2pH"
"$€ Freestyle","Sfera Ebbasta","Famoso","le mie hit e recenti","Playlist","ITUM72001155","2j9wr1cxfYcMJoANfmoJA9"
"Swimming Pools (Drank)","Kendrick Lamar","Swimming Pools (Drank)","le mie hit e recenti","Playlist","USUM71207642","6REbwUNlppTfcnV4d4ZoZi"
"25 ore RMX (feat. Ernia & Shablo)","Guè","Mr. Fini","le mie hit e recenti","Playlist","ITUM72001313","0Q7Y2E8cj8uvNXI3hs9Mvc"
"Musica Ovunque","Nayt","MOOD","le mie hit e recenti","Playlist","ITHZX2000002","31m7HX5tiLNouPjN4OB8ng"
"Favolacce","Nayt","MOOD","le mie hit e recenti","Playlist","ITHZX2000003","13YoDULeaKElOxlr0eFeEk"
"Mystery Lady (feat. Don Toliver)","Masego","Mystery Lady (feat. Don Toliver)","le mie hit e recenti","Playlist","USUM72021142","2Ee9amLUslOwgoJWZEpSSD"
"Ladro Di Fiori","BLANCO","Ladro Di Fiori","le mie hit e recenti","Playlist","ITUM72001098","2vsxduDEhjLTFcxd0hSVv5"
"When You Down (with Polo G feat. Lil Durk)","Lil Tecca","Virgo World","le mie hit e recenti","Playlist","USUM72018014","5kTn07V96U8LyoQgz6DZzX"
"Out Of Love (feat. Internet Money)","Lil Tecca","Virgo World","le mie hit e recenti","Playlist","USUM72007332","0IJA9KP6rT55jrP1YpTdhx"
"LA CANZONE NOSTRA ⟁ (con BLANCO & Salmo)","MACE","LA CANZONE NOSTRA ⟁ (con BLANCO & Salmo)","le mie hit e recenti","Playlist","ITUM72001370","0aQi1JGO1oKWEmKGfvf8TF"
"Praise The Lord (Da Shine) (feat. Skepta)","A$AP Rocky","TESTING","le mie hit e recenti","Playlist","USRC11800930","7ycWLEP1GsNjVvcjawXz3z"
"Guerra E Pace","PSICOLOGI","2001","le mie hit e recenti","Playlist","ITLGE1900060","2puGJHRifrmNO7gTAeWm0z"
"Space Cadet (feat. Gunna)","Metro Boomin","NOT ALL HEROES WEAR CAPES (Deluxe)","le mie hit e recenti","Playlist","USUG11802484","1fewSx2d5KIZ04wsooEBOz"
"COLPA TUA ⫷⫸ (con VENERUS & GUÈ PEQUENO)","MACE","OBE","le mie hit e recenti","Playlist","ITUM72001373","3ILta8SPlsWdOueRYzc5mL"
"DAL TRAMONTO ALL’ALBA ⚭ (con VENERUS & GEMITAIZ)","MACE","OBE","le mie hit e recenti","Playlist","ITUM72001374","3fuoMMj6O5JEclolfpmtmp"
"BUONANOTTE ❈ (con NOYZ NARCOS, FRANCO126 & SIDE BABY)","MACE","OBE","le mie hit e recenti","Playlist","ITUM72001375","70im6fWHD1m7VQve5I6Yim"
"CANDYMAN ༄ (con GEMITAIZ)","MACE","OBE","le mie hit e recenti","Playlist","ITUM72001378","5pPpb37zluVG1TOz1eBExW"
"Notti In Bianco","BLANCO","Notti In Bianco","le mie hit e recenti","Playlist","ITUM72000788","38UoVEHcZ85EGBo6k79643"
"DIO NON É SORDO ལྷ (con IZI, JACK THE SMOKER & JAKE LA FURIA)","MACE","OBE","le mie hit e recenti","Playlist","ITUM72001388","7BN8PtxIEZLI1DSH6YzVSJ"
"Farfalla","Il Tre","ALI","le mie hit e recenti","Playlist","ITQ002000612","0SdGH8aPbgeNPQ3mrJJyVJ"
"Per chi non ha un posto in questo mondo","Il Tre","ALI","le mie hit e recenti","Playlist","ITQ002000604","5ZNDKquKUMX8ROZsHM9h5l"
"BUGIE","Massimo Pericolo","BUGIE","le mie hit e recenti","Playlist","ITRWL2000094","3poh4OWmbULDrXRjiwFZUK"
"SENZA FIATO ཀརྨ (con VENERUS & JOAN THIELE)","MACE","OBE","le mie hit e recenti","Playlist","ITUM72001381","0H5tubrS0IuLTuqvNDQSiU"
"Paraocchi","BLANCO","Paraocchi","le mie hit e recenti","Playlist","ITUM72100148","3c1hhyuDTsP3hqRztpg2S5"
"Bene","Gemitaiz","Nonostante Tutto","le mie hit e recenti","Playlist","ITDF41500002","3Jfi1WRHzREEGBDsaCrIXD"
"AIRFORCE (feat. Madame)","Massimo Pericolo","SOLO TUTTO","le mie hit e recenti","Playlist","ITRWL2000090","4MTlIhliwFJnTfbEoctDyB"
"DIMMI ORA (feat. Guè Pequeno)","Madame","MADAME","le mie hit e recenti","Playlist","ITZ042100007","1bXG3X6C0xiopzlsRdCxda"
"Non Mi Fido","Side Baby","Non Mi Fido","le mie hit e recenti","Playlist","ITUM71901473","3peOFu7a5f0bez49JI6DDa"
"Outro In The Night","Gemitaiz","QVC9 - QUELLO CHE VI CONSIGLIO VOL. 9","le mie hit e recenti","Playlist","ITDF42000026","4GipSOvgko6Twojx9zE3QE"
"Angelina Jolie","Bresh","Angelina Jolie","le mie hit e recenti","Playlist","ITB002100150","0tD4EXZRm1JGDYWtKYFLWK"
"SnoB (feat. Rosa Chemical) - prod. Marz & Zef","Alfa","SnoB (feat. Rosa Chemical) - prod. Marz & Zef","le mie hit e recenti","Playlist","ITIWE2100285","5WP0vC10LZ8ECTcMVwXOTV"
"Simone","Franco126","Multisala","le mie hit e recenti","Playlist","ITLGE2100022","7hDFo4BfNpOcKZrAV2mZaa"
"CASA","Neima Ezza","CASA","le mie hit e recenti","Playlist","ITGGO2100005","4YhH8TVZAe2AUaz2oigGeQ"
"CANCELLI DI MEZZANOTTE (con CHIELLO)","Rkomi","TAXI DRIVER","le mie hit e recenti","Playlist","ITUM72100212","3tWjdQHkeqgFQCydN5N241"
"10 RAGAZZE (con ERNIA)","Rkomi","TAXI DRIVER","le mie hit e recenti","Playlist","ITUM72100209","4rstEjIOddR5CuzzLv2bhS"
"PARTIRE DA TE","Rkomi","TAXI DRIVER","le mie hit e recenti","Playlist","ITUM72100201","43mGIsFZwISk1WWTcAK728"
"Tutto il resto è noi","Nayt","MOOD","le mie hit e recenti","Playlist","ITHZX2100001","5lSVipVtewS5AsTcM8ZbTD"
"HO SPENTO IL CIELO (con TOMMASO PARADISO)","Rkomi","TAXI DRIVER","le mie hit e recenti","Playlist","ITUM72100202","0O4g4sRSY8SmVu95k5z9mq"
"BRNBQ","Sfera Ebbasta","Sfera Ebbasta","le mie hit e recenti","Playlist","ITUM71600521","4RrQWA8KUgb1CfcYOVB2Zz"
"Camelot","Leon Faun","Camelot","le mie hit e recenti","Playlist","ITDF62177056","7MOpPBymDAWN9wi9UDhhBp"
"Sabbia","bnkr44","44.DELUXE","le mie hit e recenti","Playlist","NLRD52010192","5IIO6RDDEdmSFbik9c6XZM"
"STUPIDO","Massimo Pericolo","SOLO TUTTO","le mie hit e recenti","Playlist","ITRWL2000103","6HVRRlc2sBlkcKEkhlsp86"
"DIECIMILAVOCI (con ARIETE)","Rkomi","TAXI DRIVER","le mie hit e recenti","Playlist","ITUM72100205","2u2ZTMuRZx0UG7g7w4J76R"
"PARADISO VS. INFERNO (INTERLUDE) (con ROSHELLE)","Rkomi","TAXI DRIVER","le mie hit e recenti","Playlist","ITUM72100207","1hNmQc9kFq67hSxA92ODcE"
"MARE CHE NON SEI (con GAIA)","Rkomi","TAXI DRIVER","le mie hit e recenti","Playlist","ITUM72100210","3aiuFr7ABrrRo2qJhZ6AEA"
"WUSYANAME (feat. Youngboy Never Broke Again & Ty Dolla $ign)","Tyler, The Creator","CALL ME IF YOU GET LOST","le mie hit e recenti","Playlist","USQX92102132","5B0kgjHULYJhAQkK5XsMoC"
"Ascolta","gIANMARIA","Ascolta","le mie hit e recenti","Playlist","ITOL61900090","2tX4EAq6MsQcncVfrNE1EP"
"Phone Numbers","Dominic Fike","Phone Numbers","le mie hit e recenti","Playlist","USQX91901664","3f9Mzvd3URfbbIJBX4pz9Z"
"Hurricane","Kanye West","Donda","le mie hit e recenti","Playlist","USUM72116311","0RbW8kWozrVSIGb4V13o0o"
"Off The Grid","Kanye West","Donda","le mie hit e recenti","Playlist","USUM72116304","2gbMPBrBVj3CuNTLp2dHYs"
"Moon","Kanye West","Donda","le mie hit e recenti","Playlist","USUM72116291","2Rd4eJ4KwXQQn2sMSToyUM"
"...And to Those I Love, Thanks for Sticking Around","$uicideboy$","Stop Staring At the Shadows","le mie hit e recenti","Playlist","QZAPK1900020","30QR0ndUdiiMQMA9g1PGCm"
"Alone Again","The Weeknd","After Hours","le mie hit e recenti","Playlist","USUG12000650","6b5P51m8xx2XA6U7sdNZ5E"
"Love Anthem, No. 1","Venerus","Love Anthem","le mie hit e recenti","Playlist","ITFR81910023","3oBVv54hTMSYXXJGxO5JxJ"
"Call Out My Name","The Weeknd","My Dear Melancholy,","le mie hit e recenti","Playlist","USUG11800560","09mEdoA6zrmBPgTEN5qXmN"
"Redbone","Childish Gambino","""Awaken, My Love!""","le mie hit e recenti","Playlist","USYAH1600107","0wXuerDYiBnERgIpbb3JBR"
"3 Nights","Dominic Fike","Don't Forget About Me, Demos","le mie hit e recenti","Playlist","USQX91802455","0uI7yAKUf52Cn7y3sYyjiX"
"Father Stretch My Hands Pt. 1","Kanye West","The Life Of Pablo","le mie hit e recenti","Playlist","USUM71603067","4KW1lqgSr8TKrvBII0Brf8"
"Quanto ti vorrei","chiello","Quanto ti vorrei","le mie hit e recenti","Playlist","ITDF62177116","1AC9rHDPQC3QoC3iYPeSEI"
"Moth To A Flame (with The Weeknd)","Swedish House Mafia","Moth To A Flame","le mie hit e recenti","Playlist","USUG12105524","2gpWyfu7eZ01zzncHpxOtA"
"La mia noia","Nayt","La mia noia","le mie hit e recenti","Playlist","ITHZX2100008","6WiOjINB7nlI0Ls0GUPRMX"
"Mortale","Nayt","DOOM","le mie hit e recenti","Playlist","ITHZX2100007","4Kp2OEKh3cVUPC1WeYPAn6"
"No Role Modelz","J. Cole","2014 Forest Hills Drive","le mie hit e recenti","Playlist","USQX91402598","62vpWI1CHwFy7tMIcSStl8"
"∞ LOVE (feat. Guè)","Marracash","NOI, LORO, GLI ALTRI","le mie hit e recenti","Playlist","ITUM72101342","2VyZWWKamfq7kVnh5gMgPd"
"CRAZY LOVE","Marracash","NOI, LORO, GLI ALTRI","le mie hit e recenti","Playlist","ITUM72101360","3HYK8FMGNQu1Whl8DdtsRC"
"GLI ALTRI (Giorni Stupidi)","Marracash","NOI, LORO, GLI ALTRI","le mie hit e recenti","Playlist","ITUM72101452","6LC1d03JaBFQeRmwvcKi9s"
"She Knows (feat. Amber Coffman & Cults)","J. Cole","Born Sinner (Deluxe Version)","le mie hit e recenti","Playlist","USQX91301184","0Fs9cdPDhptWEDJmiCbkEW"
"Wet Dreamz","J. Cole","2014 Forest Hills Drive","le mie hit e recenti","Playlist","USQX91402592","4tqcoej1zPvwePZCzuAjJd"
"Veleno","Guè","GVESVS","le mie hit e recenti","Playlist","ITUM72101349","5b5LAmQZx3mKmhL7PQGegi"
"Piango Sulla Lambo (feat. Rose Villain)","Guè","GVESVS","le mie hit e recenti","Playlist","ITUM72101343","7u02ZUejB2uhTw1WuFXrlf"
"Take My Breath","The Weeknd","Dawn FM","le mie hit e recenti","Playlist","USUG12106684","2vgUijXOTRMnWXDtvgMp2b"
"Is There Someone Else?","The Weeknd","Dawn FM","le mie hit e recenti","Playlist","USUG12106692","0mL82sxCRjrs3br407IdJh"
"Here We Go… Again (feat. Tyler, the Creator)","The Weeknd","Dawn FM","le mie hit e recenti","Playlist","USUG12106690","1NhjYYcYTRywc0di98xHxf"
"Sorpresa (feat. Nayt)","CanovA","Sorpresa (feat. Nayt)","le mie hit e recenti","Playlist","ITB002101274","2JbrFFQEv0HgWZnsXaY4v7"
"Quella foto di noi due","Emis Killa","Supereroe","le mie hit e recenti","Playlist","ITB261800430","10hc6GvyWhe2E48PAfQrdD"
"Andrea","Bresh","Andrea","le mie hit e recenti","Playlist","ITB002101416","03j2Lo97VCDprSk8oLb8Gi"
"All The Stars (with SZA)","Kendrick Lamar","Black Panther The Album Music From And Inspired By","le mie hit e recenti","Playlist","USUM71713947","3GCdLUSnKSMJhs4Tj6CV3s"
"Catrame (Piano Solo) [feat. Elodie & Tedua]","Lazza","Re Mida (Aurum)","le mie hit e recenti","Playlist","ITUM71900981","5tuLtRFgZe0Y7WISDOccYE"
"La Nuova Stella Di Broadway","Cesare Cremonini","La Teoria Dei Colori","le mie hit e recenti","Playlist","ITZL91200009","3qtuOAI0YyfoBM1s7Tvm46"
"Tran Tran","Sfera Ebbasta","Rockstar","le mie hit e recenti","Playlist","ITUM71700739","3cGuiySfwJPXqvE15OiEEg"
"Cupido (feat. Quavo)","Sfera Ebbasta","Rockstar","le mie hit e recenti","Playlist","ITUM71701731","0dLToDou8YHYJpQltj3Ijy"
"SUI MURI","PSICOLOGI","SUI MURI","le mie hit e recenti","Playlist","ITLGE2100113","5M3SYjElWjKlD3jgONFw4w"
"Giornate vuote (feat. Gemitaiz)","Frenetik&Orang3","Giornate vuote (feat. Gemitaiz)","le mie hit e recenti","Playlist","ITFR81810063","1sZX1kdlVK3DbcuJXBnlqY"
"Tuttok","Nayt","DOOM","le mie hit e recenti","Playlist","ITHZX2100011","0WI4Oe17LXAWCekzAEPCWi"
"Ulisse","Bresh","ORO BLU","le mie hit e recenti","Playlist","ITB002101415","0ebN689X4Xt43oaHGoeZWZ"
"Nei treni la notte","Frah Quintale","Regardez moi","le mie hit e recenti","Playlist","ITNTP1700032","6NAbLPUknE9nKxQJeFGFKa"
"Svuotatasche","Bresh","ORO BLU","le mie hit e recenti","Playlist","ITB002101420","4cF8xXRteGQypocjEOtdAd"
"Adesso","Gemitaiz","Eclissi","le mie hit e recenti","Playlist","ITDF42200002","1v1ltuBMogS2CxJUW7yCyY"
"Silenzio","Gemitaiz","Eclissi","le mie hit e recenti","Playlist","ITDF42200008","5Eay94uxOnd2XrnybXoDfm"
"TAXI DRIVER","Rkomi","TAXI DRIVER","le mie hit e recenti","Playlist","ITUM72100213","1ssCVknJp7Prlt9UvaLg37"
"Out of Time","The Weeknd","Dawn FM","le mie hit e recenti","Playlist","USUG12106689","2SLwbpExuoBDZBpjfefCtV"
"Ciao Baby","Gemitaiz","Eclissi","le mie hit e recenti","Playlist","ITDF42200003","0tE8LYz08MdcV8UZUa1YVV"
"EARFQUAKE","Tyler, The Creator","IGOR","le mie hit e recenti","Playlist","USQX91901111","5hVghJ4KaYES3BFUATCYn0"
"Cash In Cash Out","Pharrell Williams","Cash In Cash Out","le mie hit e recenti","Playlist","USSM12202926","3S68RFe1lsdCdTMPIMJM3X"
"Save Your Tears","The Weeknd","After Hours","le mie hit e recenti","Playlist","USUG12000658","5QO79kh1waicV47BqGRL3g"
"Over","Lucky Daye","Candydrip","le mie hit e recenti","Playlist","USRC12102179","23CKxEwKWsLs6LD5poGOLM"
"NEW MAGIC WAND","Tyler, The Creator","IGOR","le mie hit e recenti","Playlist","USQX91901115","0fv2KH6hac06J86hBUTcSf"
"HONEST","Baby Keem","DIE FOR MY BITCH","le mie hit e recenti","Playlist","QM6N21900313","58k32my5lKofeZRtIvBDg9"
"Mr. Rager","Kid Cudi","Man On The Moon II: The Legend Of Mr. Rager","le mie hit e recenti","Playlist","USUM71025042","393MDhe62s8hbH8ETrlxe5"
"In Your Eyes","The Weeknd","After Hours","le mie hit e recenti","Playlist","USUG12000657","7szuecWAPwGoV1e5vGu8tl"
"Il meglio di te","Bresh","Il meglio di te","le mie hit e recenti","Playlist","ITB002200581","2eTXrwuncNqUOAxw2YJ8lv"
"love.","Kid Cudi","The Boy Who Flew To The Moon (Vol. 1)","le mie hit e recenti","Playlist","USUM72212692","5XFoaqV1Z8XaLJidchVWhh"
"family ties (with Kendrick Lamar)","Baby Keem","The Melodic Blue","le mie hit e recenti","Playlist","USSM12105949","3QFInJAm9eyaho5vBzxInN"
"mi @mi o è f@ke","thasup","c@ra++ere s?ec!@le","le mie hit e recenti","Playlist","ITB002200617","3W2tsZcoDxmNQaw61Kz1rb"
"cas!no nella m!a testa (feat. Salmo)","thasup","c@ra++ere s?ec!@le","le mie hit e recenti","Playlist","ITB002200625","18lJsd5w1ckiC8sebawPJA"
"PARA' - feat. Tedua","Bresh","CHE IO MI AIUTI","le mie hit e recenti","Playlist","ITB002000046","4dTZAG78TpWGifu1kMefaF"
"Hooligans","Bresh","Che io ci aiuti","le mie hit e recenti","Playlist","ITB002000420","1b9gSi3I7ei5NbnM974NOU"
"Non Ho Eroi","Bresh","Che io ci aiuti","le mie hit e recenti","Playlist","ITB002000424","6DjMUbBL4Bqg32cq6FmwyA"
"SKELETONS","Travis Scott","ASTROWORLD","le mie hit e recenti","Playlist","USSM11806664","6NMtzpDQBTOfJwMzgMX0zl"
"I Was Never There","The Weeknd","My Dear Melancholy,","le mie hit e recenti","Playlist","USUG11800570","1cKHdTo9u0ZymJdPGSh6nq"
"Pink + White","Frank Ocean","Blonde","le mie hit e recenti","Playlist","QZ5C81600003","3xKsf9qdS1CyvXSMEid6g8"
"Da zero","Nayt","DOOM","le mie hit e recenti","Playlist","ITHZX2100015","0aFUAecJBaYgJHSu0uBf7a"
"The Color Violet","Tory Lanez","Alone At Prom","le mie hit e recenti","Playlist","QZTGW2100275","3azJifCSqg9fRij2yKIbWz"
"Lavender Sunflower","Tory Lanez","Alone At Prom","le mie hit e recenti","Playlist","QZTGW2100276","1au2UduxcvHfa0fZS3Szci"
"BEST INTEREST","Tyler, The Creator","BEST INTEREST","le mie hit e recenti","Playlist","USQX92000078","3jHdKaLCkuNEkWcLVmQPCX"
"Creepin' (with The Weeknd & 21 Savage)","Metro Boomin","HEROES & VILLAINS","le mie hit e recenti","Playlist","USUG12208791","64BuLY7ggczC17w5LSUlSE"
"Too Many Nights (feat. Don Toliver & with Future)","Metro Boomin","HEROES & VILLAINS","le mie hit e recenti","Playlist","USUG12208784","2Hh3ETdQKrmSI3QS0hme7g"
"Chamber Of Reflection","Mac DeMarco","Salad Days","le mie hit e recenti","Playlist","QMMZN1300568","7H7NyZ3G075GqPx2evsfeb"
"CHIAGNE (feat. Lazza & Takagi & Ketra)","Geolier","CHIAGNE (feat. Lazza & Takagi & Ketra)","le mie hit e recenti","Playlist","ITB002200834","36EFgeHW1tOUyMAhZ6cjfD"
"PANICO (Concertos)","Lazza","SIRIO (Concertos)","le mie hit e recenti","Playlist","ITUM72201916","2cKR85Z4MjghoBv8Oj5NaM"
"ALIBI (Concertos)","Lazza","SIRIO (Concertos)","le mie hit e recenti","Playlist","ITUM72201909","1ZzmgCZFdn5QPedBLmhDFk"
"SENZA RUMORE (Concertos)","Lazza","SIRIO (Concertos)","le mie hit e recenti","Playlist","ITUM72201912","5shJNBo1wCEqNJ2uN6SySz"
"Centro (feat. Coez)","MadMan","Back Home","le mie hit e recenti","Playlist","ITDF41800007","6DGl9TtxYTpMFrmZa1mwEz"
"Cookies N' Cream (feat. ANNA & Sfera Ebbasta)","Guè","Madreperla","le mie hit e recenti","Playlist","ITUM72201968","1xUnvxp9DFrpwXnO0RHKUp"
"Need U 2Nite (feat. Massimo Pericolo)","Guè","Madreperla","le mie hit e recenti","Playlist","ITUM72201969","4cfwlJOM85bCQ8drN9iY1r"
"ACQUA TONICA (feat. Geolier & Junior K)","Ernia","IO NON HO PAURA","le mie hit e recenti","Playlist","ITUM72201512","3WVXxfB3B76CkG2wglKotj"
"Cattiva","NASKA","Cattiva","le mie hit e recenti","Playlist","ITNIE2200021","0Pb8FIL8fecpxJCVgSxdWL"
"USCITO DI GALERA (Concertos)","Lazza","SIRIO (Concertos)","le mie hit e recenti","Playlist","ITUM72201914","49Ra6jDxTekzaLA8eeIfQk"
"200%","Diss Gacha","200%","le mie hit e recenti","Playlist","ITUD52300008","4uHe0ruDjF9fLfhmwLfNLf"
"SORRY NOT SORRY","Tyler, The Creator","CALL ME IF YOU GET LOST: The Estate Sale","le mie hit e recenti","Playlist","USQX92301939","410ZZP746AQeiywhKvXWCo"
"Cultura Italiana","Diss Gacha","Cultura","le mie hit e recenti","Playlist","ITUD52300016","7qUmM1hAuSoohg9z9oG0m2"
"Gabbana x3","Diss Gacha","Cultura","le mie hit e recenti","Playlist","ITUD52300018","4tnYlnmPWn8mPGztudjXvk"
"Michelle Pfeiffer (feat. Tony Effe)","Rose Villain","Radio Gotham","le mie hit e recenti","Playlist","ITB002200445","2i8vSdlmDhFscyM40CJUcs"
"Hoe (feat. Sfera Ebbasta)","Tedua","La Divina Commedia","le mie hit e recenti","Playlist","ITB002301003","3VtGh8xE9qRsFyY2Uj1WG3"
"Paradiso Artificiale (feat. Baby Gang & Kid Yugi)","Tedua","La Divina Commedia","le mie hit e recenti","Playlist","ITB002301001","5omIW7YOPhA6CULhkdz6jE"
"Sprinter","Dave","Sprinter","le mie hit e recenti","Playlist","GBUM72305159","2FDTHlrBguDzQkp7PVj16Q"
"N95","Kendrick Lamar","Mr. Morale & The Big Steppers","le mie hit e recenti","Playlist","USUM72208963","0fX4oNGBWO3dSGUZcVdVV2"
"guerra dentro","Nayt","HABITAT","le mie hit e recenti","Playlist","ITHZX2300002","2aPz4c03AsOhTgbuSnfrCs"
"cosa conta davvero","Nayt","HABITAT","le mie hit e recenti","Playlist","ITHZX2300005","52se59iSMS32ITK4P5S2mb"
"se ne va","Nayt","HABITAT","le mie hit e recenti","Playlist","ITHZX2300008","3zWXAQuZ2cgRb2p0xqAORS"
"Embarrassed (feat. Travis Scott)","Don Toliver","Love Sick (Deluxe)","le mie hit e recenti","Playlist","USAT22302147","6w9GrSUaQQIaMBYtabge7p"
"Mona Lisa","Dominic Fike","Sunburn","le mie hit e recenti","Playlist","USQX92303644","71DSaeKtXQaMAqnvMT7Uoc"
"sdp interlude","Travis Scott","Birds In The Trap Sing McKnight","le mie hit e recenti","Playlist","USSM11607552","4gh0ZnHzaTMT1sDga7Ek0N"
"Polly","NASKA","REBEL","le mie hit e recenti","Playlist","ITNIE2200007","1drNpTgwd5Jfzda228o9pa"
"NESSUNO (Concertos)","Lazza","SIRIO (Concertos)","le mie hit e recenti","Playlist","ITUM72201913","1pnxBefKcBgHjUc8kWWWqr"
"Flashing Lights","Kanye West","Graduation","le mie hit e recenti","Playlist","USUM70749095","5TRPicyLGbAF2LGBFbHGvO"
"After The Storm (feat. Tyler, The Creator & Bootsy Collins)","Kali Uchis","Isolation","le mie hit e recenti","Playlist","GBUM71706492","1otG6j1WHNvl9WgXLWkHTo"
"MY EYES","Travis Scott","UTOPIA","le mie hit e recenti","Playlist","USSM12305007","4kjI1gwQZRKNDkw1nI475M"
"TELEKINESIS (feat. SZA & Future)","Travis Scott","UTOPIA","le mie hit e recenti","Playlist","USSM12305019","1i9lZvlaDdWDPyXEE95aiq"
"Niente Canzoni D'Amore - Inedito","Marracash","Status (Inediti, Rarità & Live)","le mie hit e recenti","Playlist","ITUM71600010","7uu3YZytpYW15VIfa7ynJk"
"I KNOW ?","Travis Scott","UTOPIA","le mie hit e recenti","Playlist","USSM12305012","6wsqVwoiVH2kde4k4KKAFU"
"Kammy (like i do)","Fred again..","Actual Life 3 (January 1 - September 9 2022)","le mie hit e recenti","Playlist","GBAHS2201420","1tOEEEM8DFyZq3CxSHeq5f"
"Delilah (pull me out of this)","Fred again..","Actual Life 3 (January 1 - September 9 2022)","le mie hit e recenti","Playlist","GBAHS2201419","5w9upngVRHNjdZcRC7Xxr2"
"drive ME crazy!","Lil Yachty","Let’s Start Here.","le mie hit e recenti","Playlist","USUG12207176","6luBKkFUt5wTwz7hpLhp12"
"Baddadan (feat. IRAH, Flowdan, Trigga & Takura)","Chase & Status","Baddadan (feat. IRAH, Flowdan, Trigga & Takura)","le mie hit e recenti","Playlist","GBUM72306881","2ZWmmrWUgDBcPSLihBMvhg"
"ten","Fred again..","ten","le mie hit e recenti","Playlist","GBAHS2301151","5QOBT97OmYCZo1W5u7tRrB"
"Babydoll","Dominic Fike","Don't Forget About Me, Demos","le mie hit e recenti","Playlist","USQX91802457","7yNf9YjeO5JXUE3JEBgnYc"
"Prefissi","Guè","Madreperla","le mie hit e recenti","Playlist","ITUM72201965","19ik2WLPpAWJIy3k3Q2a2L"
"adore u","Fred again..","adore u","le mie hit e recenti","Playlist","GBAHS2300908","3YgtkOxZsTuaZdL8McA1FQ"
"15 Piani","Sfera Ebbasta","X2VR","le mie hit e recenti","Playlist","ITUM72301339","05wb6MEyJeG2z1MVCIXxC8"
"One Of The Girls (with JENNIE, Lily Rose Depp)","The Weeknd","The Idol Episode 4 (Music from the HBO Original Series)","le mie hit e recenti","Playlist","USUG12303881","7CyPwkp0oE8Ro9Dd5CUDjW"
"Wants and Needs (feat. Lil Baby)","Drake","Scary Hours 2","le mie hit e recenti","Playlist","USUG12101042","65OVbaJR5O1RmwOQx0875b"
"Ballon d'Or (feat. Nayt)","Gemitaiz","QVC 10 - Quello Che Vi Consiglio Vol. 10","le mie hit e recenti","Playlist","ITDF42300011","5aVUDn1F4x26UkHFVgWsiE"
"RESPIRA (feat. Marracash)","Salmo","CVLT","le mie hit e recenti","Playlist","ITB002301267","2zuRZkoWxoNtKaA4Q44f44"
"Down With Me","Lil Tecca","Down With Me","le mie hit e recenti","Playlist","USUM72400053","5ZDIwpR2JMwuRM8xumtmxn"
"Nato Per Questo (feat. Marracash)","Club Dogo","Club Dogo","le mie hit e recenti","Playlist","ITUM72301496","2orGI5VXRF4uplYVuvdRyU"
"Lifetime","Tobiahs","Lifetime","le mie hit e recenti","Playlist","AULI02355900","1oH6oeK8iKeRL9VTQY5w2r"
"PAROLA - feat. Lazza, Emis Killa","Giaime","CHIC","le mie hit e recenti","Playlist","IT1F71900055","4XxQOwmNM0DF3bKafSJBNw"
"Popular (with Playboi Carti & Madonna)","The Weeknd","Popular","le mie hit e recenti","Playlist","USUG12303876","1L8ObNUDCh7k6GwDIbfx9Q"
"SCIENTISTS & ENGINEERS (feat. Future & Eryn Allen Kane)","Killer Mike","MICHAEL","le mie hit e recenti","Playlist","USC4R2332611","1UsPflAuWTNteFUPJAJe8E"
"BANDIT","Don Toliver","Bandit","le mie hit e recenti","Playlist","USAT22400561","7sTyAjxDXq9afwfSQy6D0s"
"CARNIVAL","¥$","VULTURES 1","le mie hit e recenti","Playlist","QZ7XS2400012","3w0w2T288dec0mgeZZqoNN"
"MONOPOLIO (feat. Kid Yugi, Nerissima Serpe)","TY1","DJUNGLE UNCHAINED","le mie hit e recenti","Playlist","ITDF62277089","7KTseTI8UdMT4WUIOmjTQC"
"You (feat. Travis Scott)","Don Toliver","Life of a DON","le mie hit e recenti","Playlist","USAT22106119","4qS2KPWvsQzLvRa9oCHw41"
"Mattone (feat. Kuremino, Nerissima Serpe)","Papa V","Mattone (feat. Kuremino, Nerissima Serpe)","le mie hit e recenti","Playlist","ITM382400028","4y3YU54bscjGFRMNlFW8Mx"
"90210 (feat. Kacy Hill)","Travis Scott","Rodeo","le mie hit e recenti","Playlist","USSM11506731","51EC3I1nQXpec4gDk0mQyP"
"Habitué - Italian Remix","Dosseh","Habitué (Italian Remix)","le mie hit e recenti","Playlist","FRUM71900213","3z50RSsxr4gvmTu8MXmoKv"
"Runaway","Kanye West","My Beautiful Dark Twisted Fantasy","le mie hit e recenti","Playlist","USUM71027402","3DK6m7It6Pw857FcQftMds"
"All Of The Lights","Kanye West","My Beautiful Dark Twisted Fantasy","le mie hit e recenti","Playlist","USUM71027273","22L7bfCiAkJo5xGSQgmiIO"
"Homecoming","Kanye West","Graduation","le mie hit e recenti","Playlist","USUM70749093","4iz9lGMjU1lXS51oPmUmTe"
"Congratulations (feat. Bilal)","Mac Miller","The Divine Feminine","le mie hit e recenti","Playlist","USWB11601434","1OubIZ0ARYCUq5kceYUQiO"
"Lost","Frank Ocean","channel ORANGE","le mie hit e recenti","Playlist","USUM71207186","3GZD6HmiNUhxXYf8Gch723"
"leavemealone","Fred again..","USB","le mie hit e recenti","Playlist","GBAHS2301465","7iUScoHKNJC5hqtA40vMlj"
"16","Baby Keem","The Melodic Blue","le mie hit e recenti","Playlist","USSM12106871","1Is8hGpkGMiePASAxBluxM"
"Money Trees","Kendrick Lamar","good kid, m.A.A.d city","le mie hit e recenti","Playlist","USUM71210785","74tLlkN3rgVzRqQJgPfink"
"See You Again (feat. Kali Uchis)","Tyler, The Creator","Flower Boy","le mie hit e recenti","Playlist","USQX91701275","7KA4W4McWYRpgf0fWsJZWB"
"ARE WE STILL FRIENDS?","Tyler, The Creator","IGOR","le mie hit e recenti","Playlist","USQX91901168","5TxRUOsGeWeRl3xOML59Ai"
"Toradol","Gemitaiz","QVC8 – Singles","le mie hit e recenti","Playlist","ITDF41800047","3Rmv3h4ovgt9xVgWOfMlLx"
"Forte","Gemitaiz","Nonostante Tutto","le mie hit e recenti","Playlist","ITDF41500021","5G6jHSoLrzhtPBhS2gMvfW"
"Blue Sky","Gemitaiz","Kepler","le mie hit e recenti","Playlist","ITDF41400011","1WOeWKKfUxx8hlH8RSRjfV"
"Mare caldo","chiello","OCEANO PARADISO","le mie hit e recenti","Playlist","ITDF62177115","4Kjq89QBg5hZ4DB658HyWi"
"Violent Crimes","Kanye West","ye","le mie hit e recenti","Playlist","USUM71807795","3s7MCdXyWmwjdcWh7GWXas"
"Piccola stella senza cielo - 2008 Remaster","Ligabue","Secondo tempo (Deluxe Album)","le mie hit e recenti","Playlist","ITQ000800068","7DwlvZBdfzbLMKWa3OX74D"
"Locked out of Heaven","Bruno Mars","Unorthodox Jukebox","le mie hit e recenti","Playlist","USAT21203287","3w3y8KPTfNeOKPiqUTakBh"
"She's On My Mind","JP Cooper","Raised Under Grey Skies (Deluxe)","le mie hit e recenti","Playlist","GBUM71702094","6Bf6rz2jdIN3r4xuQ0OlGq"
"When I Was Your Man","Bruno Mars","Unorthodox Jukebox","le mie hit e recenti","Playlist","USAT21206701","0nJW01T7XtvILxQgC5J7Wh"
"One Dance","Drake","Views","le mie hit e recenti","Playlist","USCM51600028","1zi7xx7UVEFkmKfv06H8x0"
"American Boy","Estelle","Shine","le mie hit e recenti","Playlist","USAT20706210","6etwirSInfuJrSOlogS6Sh"
"Certe notti","Ligabue","Buon compleanno Elvis [Remastered Version]","le mie hit e recenti","Playlist","ITQ009500691","5gTuH5Jl8PVUitsFzFslWu"
"Eri bellissima","Ligabue","Fuori come va? [Remastered Version]","le mie hit e recenti","Playlist","ITQ000200027","4m34VARg7KylWBlLpOxGjO"
"2minuti","Calcutta ","RELAX","le mie hit e recenti","Playlist","ITLGE2300083","7yS8LfvvFEhtGhKLk29j5a"
"Gaetano","Calcutta ","Mainstream (Deluxe Edition)","le mie hit e recenti","Playlist","ITL771502057","48Nh04YgUsE4b5V3y9sIdD"
"Stavo Pensando A Te","Fabri Fibra","Fenomeno","le mie hit e recenti","Playlist","ITUM71700137","3UPigmZoN3ahvBgQdU9VK5"
"Come Stai (feat. Izi)","Bresh","ORO BLU","le mie hit e recenti","Playlist","ITB002101418","2S9ST4PsqOyvUj0YvfmxXl"
"8 miliardi di persone","Frah Quintale","Regardez moi","le mie hit e recenti","Playlist","ITNTP1700002","6mA9cV0ti1IICSv3Wb0rSt"
"Oroscopo (feat. Takagi & Ketra) - Ghost track","Calcutta ","Mainstream +","le mie hit e recenti","Playlist","ITM381600065","7yJZlPui7PYh2L9UXmtQWc"
"Praise Jah In The Moonlight","YG Marley","Praise Jah In The Moonlight","le mie hit e recenti","Playlist","CH7811111177","3h5TiWTqGxjSjFrbruPFH9"
"Brivido","Guè","Bravo Ragazzo (Royal Edition)","le mie hit e recenti","Playlist","ITUM71300280","7fH13hSOyNoeiDGbjEnTUC"
"Stanza Singola (feat. Tommaso Paradiso)","Franco126","Stanza Singola","le mie hit e recenti","Playlist","ITLGE1900002","23hpOtox5sIuRqVBVVJxsO"
"Pleasantville","Nitro","Suicidol","le mie hit e recenti","Playlist","ITB001500129","4T7nI6RllPyFPXJtIAtC7l"
"SCACCIACANI – feat. Massimo Pericolo – prod. Crookers & Nic Sarno","Ketama126","KETY","le mie hit e recenti","Playlist","ITB001900273","2FbPSLBODnLZO1Gou746vW"
"X CASO (feat. Sfera Ebbasta)","Geolier","IL CORAGGIO DEI BAMBINI","le mie hit e recenti","Playlist","ITB002200969","2E32Pv8w20r6ZH4oFecxOf"
"COME VUOI","Geolier","IL CORAGGIO DEI BAMBINI","le mie hit e recenti","Playlist","ITB002200975","5x9LonDyHxGUO2VzfHJHLE"
"IL CIELO NELLA STANZA (feat. NSTASIA)","Salmo","Playlist","le mie hit e recenti","Playlist","ITB001800497","2fkVZYFv9hOejIsLzZy8ad"
"ch1 5ei te","thasup","23 6451","le mie hit e recenti","Playlist","ITB001900536","0tRj4m46GRFrBS7IsbS0Gk"
"Doom","Nayt","DOOM","le mie hit e recenti","Playlist","ITHZX2100005","6lb1rcBfpEUmoGvbWhBxFL"
"Borderline","Tame Impala","The Slow Rush","le mie hit e recenti","Playlist","AUUM71900956","5hM5arv9KDbCHS0k9uqwjr"
"The Less I Know The Better","Tame Impala","Currents","le mie hit e recenti","Playlist","AUUM71500303","6K4t31amVTZDgR3sKmwUJJ"
"One Beer","MF DOOM","MM..FOOD","le mie hit e recenti","Playlist","USBWK0700040","4BnrGx9tWNF8aiXl1UhDBa"
"Vorrei incontrarti fra cent'anni (feat. Tosca)","Ron","Vorrei incontrarti fra cent'anni","le mie hit e recenti","Playlist","ITQ009600331","6Y2tQcPJaknHKY0RLH3jaf"
"Questa nostra stupida canzone d'amore","Thegiornalisti","LOVE","le mie hit e recenti","Playlist","ITB261800130","1Kw6V4wiZKTVwLZ5YcYJR3"
"Ho perso le parole - 2008 Remaster","Ligabue","Radiofreccia (Colonna Sonora Originale) [20° Anniversario] [2018 Remaster]","le mie hit e recenti","Playlist","ITQ000800060","77ntMvcCgKQSmfxNbXszh2"
"CANCELLI DI MEZZANOTTE (con CHIELLO)","Rkomi","TAXI DRIVER","le mie hit e recenti","Playlist","ITUM72100212","3lnu3rL7OH5atC7KgtzrG1"
"Rotolando Verso Sud","Negrita","L'Uomo Sogna Di Volare","le mie hit e recenti","Playlist","IT7000400092","0xYkr8xRLT8vbFA1yrSYO1"
"Used (feat. Don Toliver)","SZA","SOS","le mie hit e recenti","Playlist","USRC12204590","4NqkE7kRUvMDEdcqD96EDO"
"Puro Bogotà","Club Dogo","Vile Denaro","le mie hit e recenti","Playlist","ITD000700352","4hF8SO6cjphhaCGP3u77TS"
"stayinit","Fred again..","stayinit","le mie hit e recenti","Playlist","GBAHS2400085","6WS2TcsMEGOFtveWbtbuwZ"
"SWEET / I THOUGHT YOU WANTED TO DANCE (feat. Brent Faiyaz & Fana Hues)","Tyler, The Creator","CALL ME IF YOU GET LOST","le mie hit e recenti","Playlist","USQX92102138","3EG9FJ0ToLfgnc1IG2Z1wz"
"TOP BOY ⨳ (con GEOLIER)","MACE","OBE","le mie hit e recenti","Playlist","ITUM72001386","1OQctXB4ci36PriInrJhOg"
"Giudizi universali","Samuele Bersani","Samuele Bersani","le mie hit e recenti","Playlist","ITK009700011","5bOE9NDX7dO6q7ZzGKXhiT"
"Sally","Vasco Rossi","Nessun Pericolo...Per Te (Remastered 2017)","le mie hit e recenti","Playlist","ITUM71700273","4hJSzUREpdDo8uhgEflbHr"
"Rapp Snitch Knishes","MF DOOM","MM..FOOD","le mie hit e recenti","Playlist","USBWK0700049","5KUNwkaNf8l5A9sXZhiCgI"
"Ho messo via","Ligabue","Sopravvissuti e sopravviventi (2009 Remaster)","le mie hit e recenti","Playlist","ITQ009300141","4xyp77VPg90ezi7N1p99a5"
"100 MESSAGGI","Lazza","100 MESSAGGI","le mie hit e recenti","Playlist","ITUM72400349","5bXgMzxuNymWhpwkgvYn4O"
"La musica non c'è","Coez","Faccio un casino","le mie hit e recenti","Playlist","ITNTP1700008","7MMJa7cjMadOSR6CFWvB1x"
"Poetica","Cesare Cremonini","Possibili Scenari","le mie hit e recenti","Playlist","ITZL91700003","07qo9gnLM488CUr0EtgIA1"
"Anche Stasera","Sfera Ebbasta","X2VR","le mie hit e recenti","Playlist","ITUM72301334","5WssaPhjCCUFBMk9PpnHYj"
"Mafia Del Boom Bap","Club Dogo","Club Dogo","le mie hit e recenti","Playlist","ITUM72301495","5aCfe1vmMzmCc916WKWar3"
"RUGGINE ⚮ (con chiello & Coez)","MACE","RUGGINE ⚮ (con chiello & Coez)","le mie hit e recenti","Playlist","ITUM72400404","0RIfczN0zU09Jl1ZzsUS2Y"
"Am I Dreaming (Metro Boomin & A$AP Rocky, Roisee)","Metro Boomin","METRO BOOMIN PRESENTS SPIDER-MAN: ACROSS THE SPIDER-VERSE (SOUNDTRACK FROM AND INSPIRED BY THE MOTION PICTURE)","le mie hit e recenti","Playlist","USUM72308540","6Ec5LeRzkisa5KJtwLfOoW"
"Goodbyes (feat. Young Thug)","Post Malone","Hollywood's Bleeding","le mie hit e recenti","Playlist","USUM71912330","0t3ZvGKlmYmVsDzBJAXK8C"
"Giro con te","Calcutta ","RELAX","le mie hit e recenti","Playlist","ITLGE2300081","7v4C0Bh0UUIr54Y7h86GPW"
"Eva (feat. Tedua)","Kid Yugi","I Nomi del Diavolo","le mie hit e recenti","Playlist","ITUM72400061","29nqe5lhK8JmNcVXum7UuA"
"Lilith","Kid Yugi","I Nomi del Diavolo","le mie hit e recenti","Playlist","ITUM72400064","6YB8rH5Lr340A4ps8eV7hw"
"Stolen Dance","Milky Chance","Sadnecessary","le mie hit e recenti","Playlist","DEL211300741","34xGLuxM0rkxhCVyMSqwJO"
"LUMIERE ᯤ (con Izi, Ernia, Tony Boy, Digital Astro)","MACE","MĀYĀ","le mie hit e recenti","Playlist","ITUM72400419","4hGOZFnihN22IsswyRpueW"
"VIAGGIO CONTRO LA PAURA ࿓ (con Joan Thiele, Gemitaiz)","MACE","MĀYĀ","le mie hit e recenti","Playlist","ITUM72400406","739zODklcYtX8NArlwYg0z"
"METEORE Ⳣ (con Gemitaiz, Izi, centomilacarie)","MACE","MĀYĀ","le mie hit e recenti","Playlist","ITUM72400408","6gkj8ArfOiHKNHhQkzYv0Y"
"Like That","Future","WE DON'T TRUST YOU","le mie hit e recenti","Playlist","USSM12402041","2tudvzsrR56uom6smgOcSf"
"FUOCO DI PAGLIA ঌ (con Marco Mengoni, Frah Quintale, Gemitaiz)","MACE","MĀYĀ","le mie hit e recenti","Playlist","ITUM72400411","3ybXr8SkOEVUhtKFb8lYwe"
"CRAZY LOVE","Marracash","NOI, LORO, GLI ALTRI","le mie hit e recenti","Playlist","ITUM72101360","2p5OyhSm5fS90n0Q7R3r6D"
"NON MI RICONOSCO ≠ (con centomilacarie, Salmo)","MACE","MĀYĀ","le mie hit e recenti","Playlist","ITUM72400346","02qmjMWNK9hiO9PsndeLLQ"
"Caffè","Bresh","ORO BLU","le mie hit e recenti","Playlist","ITB002100449","2WoqekZTPdDdiJ1RgSldUT"
"Chic","Izi","Fenice","le mie hit e recenti","Playlist","ITB001600074","7jUJ2RmT4PFHHq4goMWqm3"
"Dovrei","Johnny Marsiglia","GARA 7","le mie hit e recenti","Playlist","ITIDP2300010","3sQwZsAyVW2phsGXzAggg7"
"2 TIRI (feat. thasup)","Lazza","J","le mie hit e recenti","Playlist","ITUM72000738","3TwMhXQ6O1KGPfiYV5mxGN"
"PRAISE THE LORD ☥ (con Guè, Noyz Narcos, Tony Boy)","MACE","MĀYĀ","le mie hit e recenti","Playlist","ITUM72400410","53AWZCqbx6kIPsVgSNYn92"
"Spirito Puro (feat. Izi & Vegas Jones)","Diss Gacha","Cultura Italiana Pt.1","le mie hit e recenti","Playlist","ITB002400645","3TZXi4qWprNqar3trdFtNo"
"Oceano (feat. Nerissima Serpe)","Ele A","Acqua","le mie hit e recenti","Playlist","ITUM72400644","6t2gXEBqVWbTQ08lC4KYEK"
"Una Città Per Cantare","Ron","Una città per cantare","le mie hit e recenti","Playlist","ITD781400041","07rienCU96QxIg4XMUFaZr"
"Danimarca","Nayt","Danimarca","le mie hit e recenti","Playlist","ITHZX2400015","5bkUPNhCQ3LlUEnOT9jQW3"
"It Was A Good Day","Ice Cube","The Predator","le mie hit e recenti","Playlist","USPO19250006","2qOm7ukLyHUXWyR4ZWLwxA"
"Bimbi","Charlie Charles","Bimbi","le mie hit e recenti","Playlist","ITUM71700435","4JJtZMgxQgTlBBg7E9Qeac"
"Eravamo Re","Guè","Vero","le mie hit e recenti","Playlist","ITUM71500516","6VwGytUkC11Mj5kcHXggYj"
"Per un BroBro (feat. Bresh)","Diss Gacha","Cultura Italiana Pt.1","le mie hit e recenti","Playlist","ITB002400943","0Rn0jA86w84Icx77vPnEQ2"
"MILANO TESTAROSSA (feat. Guè)","Artie 5ive","MILANO TESTAROSSA (feat. Guè)","le mie hit e recenti","Playlist","ITTQB2400036","5zVQoMHyELfcHYviXDao3I"
"places to be","Fred again..","places to be","le mie hit e recenti","Playlist","GBAHS2400279","561pBFcFL2Pwb9HPO9tU8J"
"Silent Hill","Kendrick Lamar","Mr. Morale & The Big Steppers","le mie hit e recenti","Playlist","USUM72208981","3lzUeaCbcCDB5IXYfqWRlF"
"BAD TIME","Lil Tecca","BAD TIME","le mie hit e recenti","Playlist","USUM72409892","2HrgD87YHrINdWlEU7o0gn"
"Já Sei Namorar - 2004 Digital Remaster","Tribalistas","Tribalistas","le mie hit e recenti","Playlist","BRONE0400012","352FuGmGJClPjojSYjNrXG"
"Marechià","Nu Genea","Bar Mediterraneo","le mie hit e recenti","Playlist","ITB262100900","3NYm3ZimuJNb0Z0px5OEwO"
"HOT","Lazza","LOCURA","le mie hit e recenti","Playlist","ITUM72400983","0QwWAqI4UglxEiVObWCKvh"
"GHETTO SUPERSTAR (feat. Ghali)","Lazza","LOCURA","le mie hit e recenti","Playlist","ITUM72400977","2ixHrwHianfv01Bc7QGD2G"
"Tennis Club","Ele A","Tennis Club","le mie hit e recenti","Playlist","DGA072317390","3rV4Ua58IkgiGQjsywxckx"
"VERDI NEI VIOLA","Lazza","LOCURA","le mie hit e recenti","Playlist","ITUM72400979","59guJ6uWOPwPZQlC8lBpME"
"Apparecchiato (feat. Nerissima Serpe)","Papa V","Gesù Bambino","le mie hit e recenti","Playlist","ITUD52200028","1jM7qLKYebmZhnjwl2MpTo"
"Paura E Delirio A Milano (feat. Tony Effe, Dylan, Side Baby)","Ghali","PIZZA KEBAB Vol. 1","le mie hit e recenti","Playlist","ITQ002300907","44hjRBoW648rQndFHKlgXQ"
"A Cold Sunday","Lil Yachty","A Cold Sunday","le mie hit e recenti","Playlist","USUG12400010","1Y1jtaZOJYgXBl7lKdLc9o"
"Rick Owens (feat. Drast)","Diss Gacha","Rick Owens (feat. Drast)","le mie hit e recenti","Playlist","ITUD52200089","4Znj6S7JGcu4QbCyrs1GBL"
"Dimenticare","Nayt","HABITAT : tour","le mie hit e recenti","Playlist","ITHZX2400012","5EOJ7bFZhGQv61R7vTFXk3"
"Tessera sanitaria (feat. Nerissima Serpe & Papa V)","Night Skinny","Containers","le mie hit e recenti","Playlist","ITUM72401166","5JgTIfS7FfSE9tuebzX8HC"
"iN uNa buBbLe","yungest Moonstar","sFaCioLaTe miXTaPe","le mie hit e recenti","Playlist","ITSN42400006","0EimIRiiRd76tqlo9LPLUJ"
"netflixXx","yungest Moonstar","sFaCioLaTe miXTaPe","le mie hit e recenti","Playlist","ITSN42400009","4DwKZTDZNQ3tldSCgjV8ct"
"Excitement","Trippie Redd","Pegasus","le mie hit e recenti","Playlist","QZJ842000262","66w7lK0t98OPgvYjXp39IP"
"occh1 purpl3 - feat. Marracash","thasup","23 6451","le mie hit e recenti","Playlist","ITB001900534","3iVMcdWntEdtFMmtIQRHE0"
"Sorriso (Milano Dateo)","Calcutta ","Sorriso (Milano Dateo)","le mie hit e recenti","Playlist","ITLGE1900037","6Rg0AJvt1xa4hR2QH2fUhb"
"SENZA FIATO ཀརྨ (con VENERUS & JOAN THIELE)","MACE","OBE","le mie hit e recenti","Playlist","ITUM72001381","0Cyqd22UxsDobKAtYvgDbE"
"St. Chroma (feat. Daniel Caesar)","Tyler, The Creator","CHROMAKOPIA","le mie hit e recenti","Playlist","USQX92405783","1QoyuMHNBe7lg3YW4Qtll4"
"Timeless (with Playboi Carti)","The Weeknd","Timeless","le mie hit e recenti","Playlist","USUG12406536","1Es7AUAhQvapIcoh3qMKDL"
"Virtual Insanity - Remastered 2006","Jamiroquai","Driving Songs","le mie hit e recenti","Playlist","GBARL0601475","4UQDZlZhGUDoYMohwrY28v"
"No Church In The Wild","JAY-Z","Watch The Throne","le mie hit e recenti","Playlist","USUM71111617","7r6PigmGzlB3YPB7wvBBbi"
"Cosmic Girl - Remastered 2013","Jamiroquai","Travelling Without Moving (Remastered)","le mie hit e recenti","Playlist","GBARL1201221","6y0Etr2KJr0sdcEp7ajoUK"
"Certe bugie","Nayt","Certe bugie","le mie hit e recenti","Playlist","ITHZX2400018","5AajFA0IrhC8Qp4wFS0IjV"
"Marea (we’ve lost dancing)","Fred again..","Actual Life (April 14 - December 17 2020)","le mie hit e recenti","Playlist","GBAHS2100041","5Z8Dj3LtbyCMiwE86rhg2f"
"ten","Fred again..","ten days","le mie hit e recenti","Playlist","GBAHS2301151","6twB0uYXJYW9t5GHfYaQ3i"
"adore u","Fred again..","ten days","le mie hit e recenti","Playlist","GBAHS2300908","1rf4SX7dduNbrNnOmupLzi"
"BUONANOTTE ❈ (con NOYZ NARCOS, FRANCO126 & SIDE BABY)","MACE","OBE","le mie hit e recenti","Playlist","ITUM72001375","05Wr6HJmrXiK42rE7Gu8FB"