"LUNEDI'","Salmo","Playlist","playlist finale","Playlist","ITB001800499","1VNARx6Sm6ZYAsDMCGiU1B"
"oh 9od","thasup","oh 9od","playlist finale","Playlist","ITB001800624","0UuqwLM3UFmwcXSJgfFHvr"
"24/7","MadMan","MM Vol. 3","playlist finale","Playlist","ITDF41900008","30Cste6qnaVsOethYhyoAn"
"m8nstar","thasup","m8nstar","playlist finale","Playlist","ITB001900255","5Aw0QmDZJZID69ZcTvEzXI"
"scuol4","thasup","scuol4","playlist finale","Playlist","ITB001800312","6ukVfkwkTlQvfvD477n0qr"
"Fame (feat. Madman)","Nayt","Raptus 3","playlist finale","Playlist","TCADW1878724","5Jny3m9XarSYHvxCldiYdE"
"Gli occhi della tigre","Nayt","Raptus 3","playlist finale","Playlist","TCADN1848792","5pL8J6weoydzXglhsoJ6Vw"
"OPS","Nayt","OPS","playlist finale","Playlist","TCADI1782803","4s5rr8IDii85x5MSszoz3l"
"DOPPIOGANG - prod. tha Supreme","MACHETE","MACHETE MIXTAPE 4","playlist finale","Playlist","ITB001900361","2nKUtJ6G05qVViRaXkXWQZ"
"NO WAY (feat. Nitro) - prod. Low Kidd","MACHETE","MACHETE MIXTAPE 4","playlist finale","Playlist","ITB001900359","2gUn6S1SuuXK0BvypPKnir"
"Che Ore Sono (feat. Venerus)","Gemitaiz","Scatola Nera","playlist finale","Playlist","ITDF41900034","3bj6F2PY4PWMNrAuywX5cR"
"Cracovia, Pt. 3","Il Tre","Cracovia, Pt. 3","playlist finale","Playlist","ITQ001900260","18dt6tNw8hpNUdthOJf0lI"
"MARYLEAN (feat. Marracash) - prod. Low Kidd","MACHETE","MACHETE MIXTAPE 4","playlist finale","Playlist","ITB001900356","28fRkU3vhqAJdl9i9458pQ"
"Nuova Registrazione 402 - prod. thasup","Mara Sattei","Nuova Registrazione 402 (prod. thasup)","playlist finale","Playlist","ITB001900573","6R8lW71NRY2DMLenshmWPS"
"blun7 a swishland","thasup","blun7 a swishland","playlist finale","Playlist","ITB001900530","0oR0Wr9N52K1vbAOuGvMJz"
"SUPREME - L'ego (feat. tha Supreme & Sfera Ebbasta)","Marracash","Persona","playlist finale","Playlist","ITUM71901145","020wG4EHTwBy5h2rbpxqvK"
"CRUDELIA - I nervi","Marracash","Persona","playlist finale","Playlist","ITUM71901148","1OeIJITrlUR4qss2kywMEn"
"Piove","Nayt","Piove","playlist finale","Playlist","TCADH1714131","0EMhBAtDSKQ4NBT6tgmcY7"
"6itch remix - feat. Nitro","thasup","23 6451","playlist finale","Playlist","ITB001900542","5zYSf28jARgmMwk8FIaHnI"
"sw1n6o - feat. Salmo","thasup","23 6451","playlist finale","Playlist","ITB001900537","0I26eEAwEoii0wHuFqwhYO"
"fuck 3x","thasup","23 6451","playlist finale","Playlist","ITB001900529","5YxP1CkunbhUQVvctFOHa7"
"ch1 5ei te","thasup","23 6451","playlist finale","Playlist","ITB001900536","0tRj4m46GRFrBS7IsbS0Gk"
"m12ano - feat. Mara Sattei","thasup","23 6451","playlist finale","Playlist","ITB001900533","0LfMuWu6FKNSDHEoxHu9iK"
"occh1 purpl3 - feat. Marracash","thasup","23 6451","playlist finale","Playlist","ITB001900534","7gRPkCEa3YMaxET5ZYT7Ni"
"Bossoli","Shiva","Bossoli","playlist finale","Playlist","ITUD51900011","5mn8bU8IjYqr8ZqTDmLtSO"
"come fa1","thasup","23 6451","playlist finale","Playlist","ITB001900527","5tlRHNdTy4la5CuTkbYeQE"
"pers0na2 - feat. Gemitaiz, Madman","thasup","23 6451","playlist finale","Playlist","ITB001900541","75UNZ7tjYzsoTMgmpWdzw6"
"PERDONAMI","Salmo","Playlist","playlist finale","Playlist","ITB001800507","4Yr7z1MFiI2D3QnldF107i"
"Ransom","Lil Tecca","We Love You Tecca","playlist finale","Playlist","QZ85M1940160","1lOe9qE0vR9zwWQAOk6CoO"
"HO PAURA DI USCIRE 2 - prod. Mace","MACHETE","MACHETE MIXTAPE 4","playlist finale","Playlist","ITB001900355","0nFCpnM7nistUWXRZpzOWM"
"HIGHEST IN THE ROOM","Travis Scott","HIGHEST IN THE ROOM","playlist finale","Playlist","USSM11904276","3eekarcy7kvN4yt5ZFzltW"
"Lucid Dreams","Juice WRLD","Goodbye & Good Riddance","playlist finale","Playlist","USUG11800685","285pBltuF7vW8TeWk8hdRR"
"QUELLI CHE NON PENSANO - Il cervello (feat. Coez)","Marracash","Persona","playlist finale","Playlist","ITUM71901141","6l1Jnqfu7GAOV4MDgA2bNP"
"APPARTENGO - Il sangue (feat. Massimo Pericolo)","Marracash","Persona","playlist finale","Playlist","ITUM71901142","2tpfOljBdskx8G331TjRps"
"Esagono (feat. Salmo)","Gemitaiz","Scatola Nera","playlist finale","Playlist","ITDF41900028","0Rsfm3UqHkNzKsb6L0Yz3Y"
"no14 - feat. Dani Faiv","thasup","23 6451","playlist finale","Playlist","ITB001900535","7KksdXBhdufqWDxGxyt4I7"
"gua10 - feat. Lazza","thasup","23 6451","playlist finale","Playlist","ITB001900531","5Bjp0v6Pi3AS8PzZQG2nrg"
"2ollipop","thasup","23 6451","playlist finale","Playlist","ITB001900528","5nL0vuUo0oBm26obUe5Ogu"
"Nuova Registrazione 326 - prod. thasup","Mara Sattei","Nuova Registrazione 326 - prod. thasup","playlist finale","Playlist","ITB001900198","2KrOlpfH0eGSI8UJSXbf0n"
"bubb1e 9um","thasup","23 6451","playlist finale","Playlist","ITB001900540","06SzxHiKstZ859RmekMlJx"
"Legends","Juice WRLD","Legends","playlist finale","Playlist","USUG11801263","1Knctxx9vGZxpZfF66BIEa"
"Somebody","Internet Money","Somebody","playlist finale","Playlist","QZJ841900026","735RSTb2xbtWbDtKD9XDYi"
"Trapano","MadMan","Back Home","playlist finale","Playlist","ITDF41700013","4DNCsZEIPuiYYT8MHMSEFh"
"BRAVI A CADERE - I polmoni","Marracash","Persona","playlist finale","Playlist","ITUM71901143","4SpV49wwekArulAVjEez3i"
"5olo","thasup","23 6451","playlist finale","Playlist","IT0CF1700315","1IenHo9pFzeysdcfbpAXUO"
"L'importante","Il Tre","L'importante","playlist finale","Playlist","ITQ001900090","6CMe1fbUExwx1iAuqMA5gF"
"Oh Cacchio","Leon Faun","Oh Cacchio","playlist finale","Playlist","ITOL61900006","1yjyFN62WDYfjH7FaiVHL8"
"Taboo","Leon Faun","Taboo","playlist finale","Playlist","TCAEK1961635","46UICHSbrXgkklcUGH1rO0"
"Primavera","Leon Faun","Primavera","playlist finale","Playlist","TCAEF1931583","1AIwbed0A3qURbNFvsI5pu"
"Ouver2re","Lazza","Re Mida (Aurum)","playlist finale","Playlist","ITUM71900970","5c591Ck7sCY0jqsBZgQayy"
"Ballin' (with Roddy Ricch)","Mustard","Perfect Ten","playlist finale","Playlist","USUM71911808","3QzAOrNlsabgbMwlZt7TAY"
"Netflix","Lazza","Re Mida","playlist finale","Playlist","ITCVA1900005","1XiF40UZiMZstIl37DdRaC"
"The Box","Roddy Ricch","Please Excuse Me for Being Antisocial","playlist finale","Playlist","USAT21906978","0nbXyq5TXYPCO7pr3N8S4I"
"Grazie Prego Scusa","Nayt","Grazie Prego Scusa","playlist finale","Playlist","ITHZX1900011","3yAUQr74hB0UP37lm2p62V"
"wanna grow old (i won't let go) (feat. Jimmy Levy)","XXXTENTACION","Bad Vibes Forever","playlist finale","Playlist","USUYG1284381","5RZt3aBokyH2EEqWBef7uS"
"Ex Bitch","XXXTENTACION","Bad Vibes Forever","playlist finale","Playlist","USUYG1284363","40KuvsFD0zpUFuCcmt5Xm0"
"Calmo","Shiva","Calmo","playlist finale","Playlist","ITB002000043","6A5qLjVbEC2vNlu17tsExI"
"Passala","Nayt","Passala","playlist finale","Playlist","ITHZX2000001","2unWzSwKZkWQ4eYf823cEN"
"Soldi in Nero - feat. Sfera Ebbasta","Shiva","Soldi in Nero (feat. Sfera Ebbasta)","playlist finale","Playlist","ITB001900665","1Xm2e1vDwOMeJJioWuG1s7"
"Certi Giorni (feat. Nitro)","Ernia","68 (Till The End)","playlist finale","Playlist","ITUM71900322","4nvsA575k8HrEjdQ78Ymvi"
"ANSIA NO","FSK SATELLITE","FSK TRAPSHIT REVENGE","playlist finale","Playlist","ITDF61977106","2yuYI5NFhevxa05se7Qht9"
"LA PROVA DEL CUOCO","FSK SATELLITE","FSK TRAPSHIT","playlist finale","Playlist","ITDF61977066","6VPcfYrO6oSYbEg6HTncDo"
"Blueberry Faygo","Lil Mosey","Blueberry Faygo","playlist finale","Playlist","USUM72001714","6wJYhPfqk3KGhHRG76WzOh"
"FIGHT! (feat. Nayt)","Il Tre","FIGHT! (feat. Nayt)","playlist finale","Playlist","ITQ002000049","3NiLpavKgcemrAlBKX275X"
"MELISSA P","FSK SATELLITE","FSK TRAPSHIT REVENGE","playlist finale","Playlist","ITDF61977067","3Kksmev1MzR5RTinoCY2d7"
"Bella","Ernia","Come Uccidere Un Usignolo","playlist finale","Playlist","ITDF61777038","7CxLQIq4kIq8P8UwemcKfX"
"Good Vibes (feat. Gemitaiz)","Nayt","Good Vibes (feat. Gemitaiz)","playlist finale","Playlist","ITHZX1900012","4YcSCFDuhcrQ9mhX2glRy2"
"Nuova Registrazione 527 - prod. thasup","Mara Sattei","Nuova Registrazione 527 (prod. thasup)","playlist finale","Playlist","ITB002000171","7p3VjQ8j4CokBChMQz1ARQ"
"Snitch E Impicci (con FSK SATELLITE)","DrefGold","Snitch E Impicci (con FSK SATELLITE)","playlist finale","Playlist","ITDF62077025","6HDdOPc6FWpMfjC8ebzdRC"
"Gaia","Leon Faun","Gaia","playlist finale","Playlist","ITDF62077046","5QBahtZ2TuUlFuppxJmcVO"
"4L","FSK SATELLITE","FSK TRAPSHIT REVENGE","playlist finale","Playlist","ITDF61977064","2NsD5BaxLJ5y6MnRPTS2Hs"
"Gigolò (feat. Sfera Ebbasta & Capo Plaza)","Lazza","Re Mida (Aurum)","playlist finale","Playlist","ITUM71900971","4KilYheWwxakB1L43ECTeP"
"BOP","DaBaby","KIRK","playlist finale","Playlist","USUM71918972","6Ozh9Ok6h4Oi1wUSLtBseN"
"Saturno - prod. Strage","Nitro","GarbAge","playlist finale","Playlist","ITB002000130","6AOL4BUu1uololprpYnlfH"
"Life Is Good (feat. Drake)","Future","Life Is Good (feat. Drake)","playlist finale","Playlist","USSM11914962","5yY9lUy8nbvjM1Uyo1Uqoc"
"Jocelyn Flores","XXXTENTACION","17","playlist finale","Playlist","USUYG1156892","7m9OqQk4RVRkw9JJdeAw96"
"Fuck Love","XXXTENTACION","17","playlist finale","Playlist","USUYG1156898","7AQim7LbvFVZJE3O8TYgf2"
"Hope","XXXTENTACION","?","playlist finale","Playlist","USUG11800447","2ZRo7axmMPeSVUvDbGkJah"
"SPORT + muscoli (RMX) (feat. Lazza, Paky, Luchè & Taxi B)","Marracash","Persona","playlist finale","Playlist","ITUM72000325","7srDOLMwjMC07Dzs7mqCnv"
"In peggio - prod. Strage","Dani Faiv","In peggio (prod. Strage)","playlist finale","Playlist","ITB002000241","1ebQQD5Ws1eog2GRD5Zkpg"
"Dilemme (with tha Supreme & Mara Sattei)","Lous and The Yakuza","Dilemme (with tha Supreme & Mara Sattei)","playlist finale","Playlist","FRZ052000162","1Whf2ZaesM1gXlU0z3Fslt"
"Toosie Slide","Drake","Toosie Slide","playlist finale","Playlist","USUG12001281","127QTOFJsJQp5LbJbu3A1y"
"con me (feat. thasup)","MILES","GLITCHED YEARS","playlist finale","Playlist","ITB002000291","3Rak9PxrkDU2IGv4XThNQT"
"goosebumps","Travis Scott","Birds In The Trap Sing McKnight","playlist finale","Playlist","USSM11607555","6gBFPUFcJLzWGx4lenP6h2"
"Rozzi","Paky","Rozzi","playlist finale","Playlist","ITB551915678","3Y00k9cPoW8BnJesUEFoWn"
"LOBBY WAY","Rosa Chemical","LOBBY WAY","playlist finale","Playlist","ITDF62077049","5p9vv5ltLNvm7KJzlNgg9d"
"STARGAZING","Travis Scott","ASTROWORLD","playlist finale","Playlist","USSM11806658","7wBJfHzpfI3032CSD7CE2m"
"THE SCOTTS","THE SCOTTS","THE SCOTTS","playlist finale","Playlist","USSM12002217","39Yp9wwQiSRIDOvrVg7mbk"
"BUTTERFLY EFFECT","Travis Scott","ASTROWORLD","playlist finale","Playlist","USSM11704799","2cYqizR4lgvp4Qu6IQ3qGN"
"OUT WEST (feat. Young Thug)","JACKBOYS","JACKBOYS","playlist finale","Playlist","USSM11914988","6gi6y1xwmVszDWkUqab1qw"
"Boss","Paky","Boss","playlist finale","Playlist","QM4TW2034028","4ijux7JMNY2IpBtTsuYrK4"
"Desires (with Future)","Drake","Dark Lane Demo Tapes","playlist finale","Playlist","USUG12001743","7eYAHC0RbBF9eaqWzT34Aq"
"Crema di buccia","chiello","Crema di buccia","playlist finale","Playlist","ITDF62077055","2X6qtRhSl4r2KPnwpct4AT"
"ROCKSTAR (feat. Roddy Ricch)","DaBaby","BLAME IT ON BABY","playlist finale","Playlist","USUM72007941","7ytR5pFWmSjzHJIeQkgog4"
"PICK UP (feat. Quavo)","DaBaby","BLAME IT ON BABY","playlist finale","Playlist","USUM72007939","5gNOINI5dXZVom2b36LMOd"
"VIBEZ","DaBaby","KIRK","playlist finale","Playlist","USUM71919281","0fySG6A6qLE8IvDpayb5bM"
"PUSSY (feat. Lazza & Salmo)","Dark Polo Gang","DARK BOYS CLUB","playlist finale","Playlist","ITUM72000367","7MhzmWFJYSEsL8wK7hufaC"
"Chicago Freestyle (feat. Giveon)","Drake","Dark Lane Demo Tapes","playlist finale","Playlist","USUG12001407","4wVOKKEHUJxHCFFNUWDn0B"
"Everybody Dies In Their Nightmares","XXXTENTACION","17","playlist finale","Playlist","USUYG1156894","3GVkPk8mqxz0itaAriG1L7"
"Spigoli","Carl Brave","Spigoli","playlist finale","Playlist","ITUM72000490","1XQvMjA9IiIx1lAiTHSxQi"
"Acqua Salata","chiello","Acqua Salata","playlist finale","Playlist","TCAEF1998631","4FgLocnzkfcDbEjKU9Q2ts"
"LIGHTSKIN SH*T (feat. Future & jetsonmade)","DaBaby","BLAME IT ON BABY","playlist finale","Playlist","USUM72007936","16oi4OiKmkO51l60F5R9kR"
"Peta (feat. Meek Mill)","Roddy Ricch","Please Excuse Me for Being Antisocial","playlist finale","Playlist","USAT21906983","4bl1HBZliBuYpFZjWgefE4"
"Non Scherzare","Paky","Non Scherzare","playlist finale","Playlist","QMFME1974762","1mNVAw1vmiJWYmUiI6TFTv"
"UNA FAVOLA","Zoda","UNA FAVOLA","playlist finale","Playlist","TCAET2092470","0RHfoNu48a4zLXW9AS609n"
"BOHEME","Rosa Chemical","BOHEME","playlist finale","Playlist","ITDF62077074","3zSEKuWtK0mttomMfirtA6"
"SAVAGE (feat. Tedua)","Dark Polo Gang","DARK BOYS CLUB","playlist finale","Playlist","ITUM72000366","4kG6FMpUB3bUmlwLAmv6PM"
"Cambiare Adesso","Dark Polo Gang","Trap Lovers","playlist finale","Playlist","ITUM71800874","2xjxaKiYssIdDU6DCPpZPt"
"D4L","Future","Dark Lane Demo Tapes","playlist finale","Playlist","USSM12002338","5fHrHoJKfCgBd35zwIBmUK"
"LONDRA","Rosa Chemical","FOREVER","playlist finale","Playlist","ITDF62077082","1zBr4jTyegVrBeGUgZgy7l"
"ROSE & ROVI","Rosa Chemical","FOREVER","playlist finale","Playlist","ITDF62077077","45CUOI8AfmABHQHyc6Lptk"
"COSANOSTRA","Rosa Chemical","FOREVER","playlist finale","Playlist","ITDF62077078","0zpAbT2m7rRApSAmA2aNiD"
"All Bad (feat. Lil Uzi Vert)","Future","High Off Life","playlist finale","Playlist","USSM12002490","021lWIHJrURZrmvYQ1xcM8"
"Outro (Niente di Speciale) - prod. Strage, Q3000","Dani Faiv","Scusate se esistiamo","playlist finale","Playlist","ITB002000252","2jOXgMw5Ew8PFWy1abGNOU"
"Facce finte (feat. Gianni Bismark) - prod. Strage","Dani Faiv","Scusate","playlist finale","Playlist","ITB002000256","5fSjNnNRnLGasAY4lTPaLc"
"Weekend a Miami (feat. Shiva) - prod. Strage","Dani Faiv","Scusate se esistiamo","playlist finale","Playlist","ITB002000245","2Cft8QMGbXrhIMUWyllZ0s"
"XO Tour Llif3","Lil Uzi Vert","Luv Is Rage 2","playlist finale","Playlist","USAT21703440","7GX5flRQZVHRAGd6B4TmDO"
"Meno Solo - Freestyle","Gianni Bismark","Nati Diversi","playlist finale","Playlist","ITUM72000498","5yxbql5ZjdoF4dCUtGHuv0"
"Te lo prometto","Il Tre","Te lo prometto","playlist finale","Playlist","ITQ002000359","72aqCNAdOo6H4nrPyAivSV"
"Superclassico","Ernia","Gemelli","playlist finale","Playlist","ITUM72000302","6Ahg1hncxUdK0ICqU03BCu"
"Puro Sinaloa (feat. Tedua, Rkomi & Lazza)","Ernia","Gemelli","playlist finale","Playlist","ITUM72000303","5E75l3Zb0vzdiDNJczr29z"
"Fuoriluogo (feat. Madame)","Ernia","Gemelli","playlist finale","Playlist","ITUM72000311","1LElRnF04TONfEaO4R2wqO"
"Ferma A Guardare","Ernia","Gemelli","playlist finale","Playlist","ITUM72000306","2UJFzqzkU6eByT6tdi2iLf"
"SLOW DANCING IN THE DARK","Joji","BALLADS 1","playlist finale","Playlist","ZZOPM1800452","0rKtyWc8bvkriBthvHKY8d"
"Psycho! (Remix) (feat. Trippie Redd)","MASN","Psycho! (Remix) (feat. Trippie Redd)","playlist finale","Playlist","USRC12000926","7j0He3HOaCTWLG7IRQr33p"
"J","Lazza","J","playlist finale","Playlist","ITUM72000736","72rWtqrT17EJ56gTmEMmoA"
"SLIME (feat. Rondodasosa)","Lazza","J","playlist finale","Playlist","ITUM72000745","7jzulMDRMBHniD3Z7YN078"
"L'ERBA VOGLIO (Geordie) (feat. Emis Killa)","Lazza","J","playlist finale","Playlist","ITUM72000741","3ecfYFscRk1xCU4ZBwVLck"
"LIMBO (feat. Gemitaiz)","Lazza","J","playlist finale","Playlist","ITUM72000742","36puK87J6Wz5y51S2CjMc3"
"#THOTMILANODM","Radical","TRASHBIN, Vol. 3","playlist finale","Playlist","NLRD52010014","4wz9be3iTHln8swogVIAwR"
"POLKA","Rosa Chemical","FOREVER","playlist finale","Playlist","ITDF62077026","6hcUMWNYcoRygbg7cdxrZL"
"MONCLER (feat. Pyrex, Guè Pequeno)","Lazza","J","playlist finale","Playlist","ITUM72000739","0ReNyGslwwp82tyi8HH7E9"
"Morto Mai (Piano Solo)","Lazza","Re Mida (Aurum)","playlist finale","Playlist","ITUM71900977","4vuQhmBVvyy4Zau0Ypv738"
"M' Manc (con Geolier & Sfera Ebbasta)","Shablo","M' Manc (con Geolier & Sfera Ebbasta)","playlist finale","Playlist","ITUM72000610","0MLu1cFYL4ikdRTdasCQT9"
"0ffline (feat. bbno$)","thasup","23 6451","playlist finale","Playlist","ITB002000453","6ZWsKJdmoYu1oFJbzCmtK9"
"Bianco/Gospel","Gemitaiz","Bianco/Gospel","playlist finale","Playlist","ITDF42000008","3doU8CAkhCVr0lfTy9vmIy"
"Scat Men (feat. Ghali & Gemitaiz)","Achille Lauro","1990","playlist finale","Playlist","ITV022000003","4cb65MgCXA2JNEhJW6A57j"
"Senza Di Me (feat. Venerus & Franco126)","Gemitaiz","Senza Di Me","playlist finale","Playlist","ITDF41800044","3xGD5KhnizETt7KQwxtUAc"
"Robbery","Juice WRLD","Death Race For Love","playlist finale","Playlist","USUG11900302","6Hj9jySrnFppAI0sEMCZpJ"
"1990 (Back to Dance)","Achille Lauro","1990 (Deluxe Version)","playlist finale","Playlist","ITV022000002","3GVSSo1TbyvSzOFwlrjBWn"
"ALYX (feat. Capo Plaza)","Lazza","J","playlist finale","Playlist","ITUM72000737","5ifarM7jfplX1EqkqMHlDq"
"SOLDI SULLA CARTA","FSK SATELLITE","PADRE FIGLIO E SPIRITO","playlist finale","Playlist","ITDF62077119","0vCNtIwkFXbgN3W8U726Je"
"Sparami - feat. Salmo, Fabri Fibra","Emis Killa","17","playlist finale","Playlist","ITB002000260","2goEcSJEnmaHyKgmBJJzNm"
"Mood (feat. iann dior)","24kGoldn","Mood (feat. iann dior)","playlist finale","Playlist","USQX92003025","3tjFYV6RSFtuktYl3ZtYcq"
"Polvere (feat. Capo Plaza)","Tedua","Vita Vera Mixtape","playlist finale","Playlist","IT1S12000003","0ZzXPo0gS5h718w7WErG44"
"Amici","Massimo Pericolo","Scialla Semper","playlist finale","Playlist","ITRWL1900043","7aVX95NjONZszSeb8vJZF3"
"Lo-fi Wuhan","Tedua","Vita Vera - Mixtape, aspettando la Divina Commedia","playlist finale","Playlist","IT1S12000012","3aefkAXgYc4XaIaN3LQ9xQ"
"bad vibes forever (feat. PnB Rock & Trippie Redd)","XXXTENTACION","Bad Vibes Forever","playlist finale","Playlist","USUYG1283992","03eJ2DclFWXYU8GWgANdmZ"
"Laugh Now Cry Later (feat. Lil Durk)","Drake","Laugh Now Cry Later (feat. Lil Durk)","playlist finale","Playlist","USUG12001748","2SAqBLGA283SUiwJ3xOUVI"
"Lulu (Acoustic Version)","Nayt","Un bacio (Deluxe Edition)","playlist finale","Playlist","TCACO1644881","0XRy0dGXI46pAaa5LUA2Gw"
"JLO (feat. Lil Tecca)","Internet Money","B4 The Storm","playlist finale","Playlist","QZJ842000380","4kK0SDeGHtCtZwN52nhg6L"
"Out Of Love (feat. Internet Money)","Lil Tecca","Virgo World","playlist finale","Playlist","USUM72007332","0IJA9KP6rT55jrP1YpTdhx"
"90MIN","Salmo","Playlist","playlist finale","Playlist","ITB001800495","3Ls9yKzshQye18Tx2AvOb6"
"@ MEH","Playboi Carti","@ MEH","playlist finale","Playlist","USUM72007425","5UusfWUMMLEXLMc1ViNZoe"
"MACHETE SATELLITE (feat. Salmo, Taxi B & Greg Willen)","BLOODY VINYL","BV3","playlist finale","Playlist","ITB002000440","3CHiuPXn9ufDJhVy1xI4Jf"
"X 1 MEX (feat. Dani Faiv)","BLOODY VINYL","BV3","playlist finale","Playlist","ITB002000442","5gouWBHeO3hLhCUr9gSvV5"
"WEEKEND (feat. Lazza, Madame & Massimo Pericolo)","BLOODY VINYL","BV3","playlist finale","Playlist","ITB002000441","1FVZhwZiab6cEAxAOS9j5v"
"TELEPHONE (feat. Capo Plaza & Sick Luke)","BLOODY VINYL","BV3","playlist finale","Playlist","ITB002000445","0ejf33zIXZlhUnCKRMWx6q"
"BLOODY BARS - STUDIOMOB (feat. Lazza)","BLOODY VINYL","BV3","playlist finale","Playlist","ITB002000505","2lWTk2SX6jvlgihqoWOhpt"
"ALTALENE (feat. Mara Sattei & Coez)","BLOODY VINYL","BV3","playlist finale","Playlist","ITB002000446","2zqxUV6h5y6Y9WhyH0FVvX"
"BLOODY BARS - LOCKED (feat. Jack The Smoker, Sir Prodige & Dani Faiv)","BLOODY VINYL","BV3","playlist finale","Playlist","ITB002000504","4lNon2DMVYilFWsjAfMCMg"
"OMG (feat. Vale pain, Hell Raton & Guè Pequeno)","BLOODY VINYL","BV3","playlist finale","Playlist","ITB002000502","732PzkkCymARw1z1hBODbM"
"SPACETRIP (feat. Drast)","BLOODY VINYL","BV3","playlist finale","Playlist","ITB002000449","3jyaYWVHdO2VtElJKouGHD"
"BLOODY BARS - DRILLUMINAZIONE (feat. Charlie KDM, Hell Raton & Lazza)","BLOODY VINYL","BV3","playlist finale","Playlist","ITB002000472","2RBBYwsf1SKX64nwfbfDlk"
"GATTI","JACKBOYS","JACKBOYS","playlist finale","Playlist","USSM11915307","40mjsnRjCpycdUw3xhS20g"
"Empty","Juice WRLD","Death Race For Love","playlist finale","Playlist","USUG11900318","41MCdlvXOl62B7Kv86Bb1v"
"Lemonade (feat. Gunna, Don Toliver & NAV)","Internet Money","B4 The Storm","playlist finale","Playlist","QZJ842000368","7hxHWCCAIIxFLCzvDgnQHX"
"Blastoff (feat. Juice Wrld & Trippie Redd)","Internet Money","B4 The Storm","playlist finale","Playlist","QZJ842000389","7dH9TPjTWQ60wOJkmYay8a"
"Dior","Pop Smoke","Meet The Woo","playlist finale","Playlist","USUM71914275","79s5XnCN4TJKTVMSmOx8Ep"
"Star Shopping","Lil Peep","Star Shopping","playlist finale","Playlist","UKELY1800203","30bqVoKjX479ab90a8Pafp"
"16 Lines","Lil Peep","Come Over When You're Sober, Pt. 2","playlist finale","Playlist","USQX91802369","6akBF8JWM8lrpqejdwIfYI"
"Leanin'","Lil Peep","Come Over When You're Sober, Pt. 2","playlist finale","Playlist","USQX91802368","6cX1iTffMIAU8lEWSOYIIO"
"the remedy for a broken heart (why am I so in love)","XXXTENTACION","?","playlist finale","Playlist","USUG11800488","4UKCKdYiLN6IMA5ZESUTL7"
"Falling Down - Bonus Track","Lil Peep","Come Over When You're Sober, Pt. 2","playlist finale","Playlist","USQX91802294","4jvjzW7Hm0yK4LvvE0Paz9"
"Gxldchainnn","Radical","TRASHBIN, Vol. 1","playlist finale","Playlist","QZES51841180","00218i6cYENiDszmBKsYYg"
"FNCL","Chakra","FNCL","playlist finale","Playlist","TCAFD2015270","2Nl96eomBaxsjKNTqnvDPj"
"Wishing Well","Juice WRLD","Legends Never Die","playlist finale","Playlist","USUG12001905","2U5WueTLIK5WJLD7mvDODv"
"Bottiglie Privè","Sfera Ebbasta","Bottiglie Privè","playlist finale","Playlist","ITUM72001137","3E2KP5AWn6Wx0NcPstzKeo"
"Flop (feat. Leon Faun)","Izi","RIOT","playlist finale","Playlist","ITUM72001093","0DCLd1GJKAsESFs6yQ3TjW"
"Al Pacino (feat. IDK)","Izi","RIOT","playlist finale","Playlist","ITUM72001084","3WHMA4nEF1TqnuJWZvky5F"
"BABY (feat. Rosa Chemical)","BLOODY VINYL","BV3","playlist finale","Playlist","ITB002000448","3jtMheZu2P0tbWzAYYWhvS"
"Winston Blue","Olly","Winston Blue","playlist finale","Playlist","TCAFC2041284","60JYJtqenEIrWuQloBecbn"
"QVC9","Gemitaiz","QVC9 - QUELLO CHE VI CONSIGLIO VOL. 9","playlist finale","Playlist","ITDF42000009","39Hg30Dwak4wyX3K2SI02E"
"Mondo Di Fango","Gemitaiz","QVC9 - QUELLO CHE VI CONSIGLIO VOL. 9","playlist finale","Playlist","ITDF42000012","3rR90ytwXhFCGXjbDzN7HI"
"Whoopty","CJ","Whoopty","playlist finale","Playlist","USA2P2031043","5vGLcdRuSbUhD8ScwsGSdA"
"Mama (feat. Nitro)","Gemitaiz","QVC9 - QUELLO CHE VI CONSIGLIO VOL. 9","playlist finale","Playlist","ITDF42000011","1ws9IBGum9LLNEdSVNO2pH"
"$€ Freestyle","Sfera Ebbasta","Famoso","playlist finale","Playlist","ITUM72001155","2j9wr1cxfYcMJoANfmoJA9"
"Who Needs Love","Trippie Redd","A Love Letter To You 4","playlist finale","Playlist","QZJ841900065","2ktxr00GpTtbMNeBjNeY8D"
"Louboutin","Vale Pain","Louboutin","playlist finale","Playlist","QM6P42033717","7fzaDe7qR6IX2w275uX4Th"
"Swimming Pools (Drank)","Kendrick Lamar","Swimming Pools (Drank)","playlist finale","Playlist","USUM71207642","6REbwUNlppTfcnV4d4ZoZi"
"25 ore RMX (feat. Ernia & Shablo)","Guè","Mr. Fini","playlist finale","Playlist","ITUM72001313","0Q7Y2E8cj8uvNXI3hs9Mvc"
"Excitement (feat. PARTYNEXTDOOR)","Trippie Redd","Pegasus","playlist finale","Playlist","QZJ842000262","7FullO2NDkyvxLuxYVKINa"
"Weeeeee","Trippie Redd","Pegasus","playlist finale","Playlist","QZJ842000498","2PI3qpTqYowwMzOSQRuj73"
"Drankin N Smokin","Future","Pluto x Baby Pluto","playlist finale","Playlist","USAT22007323","0k7wmahjkn389wAZdz19Cv"
"That’s It","Future","Pluto x Baby Pluto","playlist finale","Playlist","USAT22007097","5n6gBhdEjCuj3obgCoTEFD"
"Stripes Like Burberry","Future","Pluto x Baby Pluto","playlist finale","Playlist","USAT22007274","6lt8iodSkYWEV0ifKCSlfg"
"Patek","Future","Pluto x Baby Pluto (Deluxe)","playlist finale","Playlist","USAT22005196","3f9RZbFJrmttvXYwiwqDlb"
"L'ultima volta - feat. Massimo Pericolo","Emis Killa","17","playlist finale","Playlist","ITB002000263","3rOw9WmYFCRLHTRcbOjhUl"
"Martin & Gina","Polo G","THE GOAT","playlist finale","Playlist","USQX92002595","1VLtjHwRWOVJiE5Py7JxoQ"
"21","Polo G","THE GOAT","playlist finale","Playlist","USQX92002597","3JKgcAa7r07ocVWcV8bS0H"
"Occhi Lucidi","Leon Faun","Occhi Lucidi","playlist finale","Playlist","ITDF62077167","7dYgzrhdIIjTQTvUjlrWxa"
"Musica Ovunque","Nayt","MOOD","playlist finale","Playlist","ITHZX2000002","31m7HX5tiLNouPjN4OB8ng"
"Nuvole","Nayt","MOOD","playlist finale","Playlist","ITHZX2000013","76wJVCNY3GJ4XWnFukaoIP"
"Favolacce","Nayt","MOOD","playlist finale","Playlist","ITHZX2000003","13YoDULeaKElOxlr0eFeEk"
"Mystery Lady (feat. Don Toliver)","Masego","Mystery Lady (feat. Don Toliver)","playlist finale","Playlist","USUM72021142","2Ee9amLUslOwgoJWZEpSSD"
"YEAH RIGHT","Joji","BALLADS 1","playlist finale","Playlist","USUYG1194991","1VGzxJnVQND7Cg5H5wGj14"
"Righteous","Juice WRLD","Legends Never Die","playlist finale","Playlist","USUG12000979","5dOxHHMOFAbG3VH23t0xNm"
"Hide (feat. Seezyn)","Juice WRLD","Spider-Man: Into the Spider-Verse (Soundtrack From & Inspired by the Motion Picture)","playlist finale","Playlist","USUG11802778","6rz0dTA0PdhXImFV5EjM0w"
"Marvins Room","Drake","Take Care (Deluxe)","playlist finale","Playlist","USCM51100267","047fCsbO4NdmwCBn8pcUXl"
"Ruthless (Nice Guys Always Finish Last)","MarMar Oso","Oso Different","playlist finale","Playlist","USUYG1265236","6HeCk6yewXH7WO4D93eub9"
"Carry On","XXXTENTACION","17","playlist finale","Playlist","USUYG1156899","2yZax79pOrYuyIFVW2cZY2"
"Dead and Cold","SadBoyProlific","Dead and Cold","playlist finale","Playlist","QZES71818655","1A43TfohQt3H6K5zg28ExD"
"Save That Shit","Lil Peep","Come Over When You're Sober, Pt. 1","playlist finale","Playlist","UKELY1700052","0S0vWvyZ6Rc79TXkWxT9QA"
"hellboy","Lil Peep","HELLBOY","playlist finale","Playlist","UKELY2000117","2YGHCHkWTbtCUTjL0LUXtx"
"worldstar money (interlude)","Joji","In Tongues","playlist finale","Playlist","USUYG1161726","435yU2MvEGfDdmbH0noWZ0"
"Hold Me (feat. Mishaal)","MASN","How To Kill A Rockstar","playlist finale","Playlist","USRC12002156","6qsVVFBn0CuPrEgx9u4QzK"
"Moonlight","XXXTENTACION","?","playlist finale","Playlist","USUG11800209","0JP9xo3adEtGSdUEISiszL"
"Ew","Joji","Nectar","playlist finale","Playlist","ZZOPM2002277","3Nc86B5XmDlG1KuEeSLD8x"
"Heart On Ice","Rod Wave","PTSD","playlist finale","Playlist","USUYG1257043","6fWa5CRgy0z30OeGZyMBvD"
"Ladro Di Fiori","BLANCO","Ladro Di Fiori","playlist finale","Playlist","ITUM72001098","2vsxduDEhjLTFcxd0hSVv5"
"When You Down (with Polo G feat. Lil Durk)","Lil Tecca","Virgo World","playlist finale","Playlist","USUM72018014","5kTn07V96U8LyoQgz6DZzX"
"Love Me","Lil Tecca","We Love You Tecca","playlist finale","Playlist","SE6A91812468","4e0FYxSROat25pH16zMTZI"
"Sitting In Fire","MASN","Sitting In Fire","playlist finale","Playlist","USRC12003850","6oXgRfFIvzWe83K5la8oI9"
"Nubi","MILES","Nubi","playlist finale","Playlist","CA5KR1903868","64VyMwsod1CCFShgfKNV7o"
"LA CANZONE NOSTRA ⟁ (con BLANCO & Salmo)","MACE","LA CANZONE NOSTRA ⟁ (con BLANCO & Salmo)","playlist finale","Playlist","ITUM72001370","0aQi1JGO1oKWEmKGfvf8TF"
"Malandrino","Emis Killa","Malandrino","playlist finale","Playlist","ITB002000271","0ZYNH3Mi0sq8lR3XDWJlYK"
"F.N","Lil Tjay","True 2 Myself","playlist finale","Playlist","USSM11904899","0RLLvYBopDwooCyvnTwgYu"
"Save Me","Dro Kenji","Tears and Pistols","playlist finale","Playlist","QZNWR2047329","1QG34kxdhioMP99G66czfO"
"Pioggia - Single Version","Il Tre","Pioggia","playlist finale","Playlist","ITQ002100001","3Jxv90Ey423ZApqYfqSNue"
"Beautiful Pain (Losin My Mind)","Polo G","THE GOAT","playlist finale","Playlist","USQX92000782","4SIB2yxKoFOrbkjA4zfQbB"
"Praise The Lord (Da Shine) (feat. Skepta)","A$AP Rocky","TESTING","playlist finale","Playlist","USRC11800930","7ycWLEP1GsNjVvcjawXz3z"
"CITY OF ANGELS (Nitro Remix)","24kGoldn","CITY OF ANGELS (Nitro Remix)","playlist finale","Playlist","USQX92003076","2MmaW85HooP2VnOEDn83Ph"
"Guerra E Pace","PSICOLOGI","2001","playlist finale","Playlist","ITLGE1900060","2puGJHRifrmNO7gTAeWm0z"
"Whats Poppin (feat. DaBaby, Tory Lanez & Lil Wayne) [Remix] - Bonus Track","Jack Harlow","Thats What They All Say","playlist finale","Playlist","USAT22007702","0ZLuW8uOXdFNWcI40C0OC2"
"Lalala","Y2K","Lalala","playlist finale","Playlist","USSM11904230","51Fjme0JiitpyXKuyQiCDo"
"Falling","Trevor Daniel","Falling","playlist finale","Playlist","USUYG1221109","4TnjEaWOeW0eKTKIEvJyCa"
"Space Cadet (feat. Gunna)","Metro Boomin","NOT ALL HEROES WEAR CAPES (Deluxe)","playlist finale","Playlist","USUG11802484","1fewSx2d5KIZ04wsooEBOz"
"COLPA TUA ⫷⫸ (con VENERUS & GUÈ PEQUENO)","MACE","OBE","playlist finale","Playlist","ITUM72001373","3ILta8SPlsWdOueRYzc5mL"
"DAL TRAMONTO ALL’ALBA ⚭ (con VENERUS & GEMITAIZ)","MACE","OBE","playlist finale","Playlist","ITUM72001374","3fuoMMj6O5JEclolfpmtmp"
"BUONANOTTE ❈ (con NOYZ NARCOS, FRANCO126 & SIDE BABY)","MACE","OBE","playlist finale","Playlist","ITUM72001375","70im6fWHD1m7VQve5I6Yim"
"CANDYMAN ༄ (con GEMITAIZ)","MACE","OBE","playlist finale","Playlist","ITUM72001378","5pPpb37zluVG1TOz1eBExW"
"SEVEN 7oo (feat. Rondodasosa, Sacky, Vale Pain, Neima Ezza, Kilimoney, Keta, Nko)","SEVEN 7oo","SEVEN 7oo (feat. Rondodasosa, Sacky, Vale Pain, Neima Ezza, Kilimoney, Keta, Nko)","playlist finale","Playlist","ITGGO2000009","2KYLg9El0wzvX4S13CDoZf"
"CAN'T SAY","Travis Scott","ASTROWORLD","playlist finale","Playlist","USSM11806670","27a1mYSG5tYg7dmEjWBcmL"
"Calling My Phone","Lil Tjay","Calling My Phone","playlist finale","Playlist","USSM12100389","08QAkBRyWLUQ3UniIyMFtP"
"Notti In Bianco","BLANCO","Notti In Bianco","playlist finale","Playlist","ITUM72000788","38UoVEHcZ85EGBo6k79643"
"Tik Tok RMX (feat. Marracash, Guè, Paky & Geolier)","Sfera Ebbasta","Famoso","playlist finale","Playlist","ITUM72100094","3aR6Qx69ITNryZQ8tJit8z"
"SIRENA མེ (con ERNIA, SAMURAI JAY & DARRN)","MACE","OBE","playlist finale","Playlist","ITUM72001385","3Qqwo0RBORpZXHhVYG0b54"
"DIO NON É SORDO ལྷ (con IZI, JACK THE SMOKER & JAKE LA FURIA)","MACE","OBE","playlist finale","Playlist","ITUM72001388","7BN8PtxIEZLI1DSH6YzVSJ"
"britney ;-)","Rosa Chemical","britney ;-)","playlist finale","Playlist","ITDF62177009","6kFycosFfeKjx2hTKAWQqy"
"Move On - Bonus","Lil Tjay","Move On (Bonus)","playlist finale","Playlist","USSM12005938","1BPBcKcunC2olMIDEyQejT"
"Per chi non ha un posto in questo mondo","Il Tre","ALI","playlist finale","Playlist","ITQ002000604","5ZNDKquKUMX8ROZsHM9h5l"
"Il tuo nome","Il Tre","ALI","playlist finale","Playlist","ITQ002000605","2RVdq0QXC4JxU0X51ZQYaH"
"Tegole","Il Tre","ALI","playlist finale","Playlist","ITQ002000607","6LXNxwhLvR53AdDjlMif6x"
"Apollo 13 (feat. Vegas Jones)","Il Tre","ALI","playlist finale","Playlist","ITQ002000606","6HppxkBehKYGzBjZNPTQ4H"
"Farfalla","Il Tre","ALI","playlist finale","Playlist","ITQ002000612","0SdGH8aPbgeNPQ3mrJJyVJ"
"BUGIE","Massimo Pericolo","BUGIE","playlist finale","Playlist","ITRWL2000094","3poh4OWmbULDrXRjiwFZUK"
"PRBLMS","6LACK","FREE 6LACK","playlist finale","Playlist","USUYG1102245","4AtZRwSR8BOTTQg5ihSggt"
"NON VIVO PIÙ SULLA TERRA ༻ (con RKOMI & VENERUS)","MACE","OBE","playlist finale","Playlist","ITUM72001376","56zlz9eziIdgkV0wZa3xZr"
"NOTTE FONDA ཨ (con KETAMA126 & PSICOLOGI)","MACE","OBE","playlist finale","Playlist","ITUM72100011","55PU7VcSkHjboAcQTpZdm1"
"SENZA FIATO ཀརྨ (con VENERUS & JOAN THIELE)","MACE","OBE","playlist finale","Playlist","ITUM72001381","0H5tubrS0IuLTuqvNDQSiU"
"Paraocchi","BLANCO","Paraocchi","playlist finale","Playlist","ITUM72100148","3c1hhyuDTsP3hqRztpg2S5"
"Coltellata (feat. thasup)","Gazzelle","OK","playlist finale","Playlist","ITIWE2000527","6pswDYZetJz39k41bCXNif"
"Bene","Gemitaiz","Nonostante Tutto","playlist finale","Playlist","ITDF41500002","3Jfi1WRHzREEGBDsaCrIXD"
"20 Min","Lil Uzi Vert","Luv Is Rage 2 (Deluxe)","playlist finale","Playlist","USAT21704166","0uxSUdBrJy9Un0EYoBowng"
"life :-(","Rosa Chemical","FOREVER AND EVER","playlist finale","Playlist","ITDF62177015","0IgozhhrWzyKz64EiKS05x"
"no love :-)","Rosa Chemical","FOREVER AND EVER","playlist finale","Playlist","ITDF62177013","4hkCSiiMfsPIialA4JTM4C"
"fantasmi ;-(","Rosa Chemical","FOREVER AND EVER","playlist finale","Playlist","ITDF62177016","6EtrLQaEgUWRgf0NBvhM2Q"
"AIRFORCE (feat. Madame)","Massimo Pericolo","SOLO TUTTO","playlist finale","Playlist","ITRWL2000090","4MTlIhliwFJnTfbEoctDyB"
"CASA NUOVA (feat. Venerus)","Massimo Pericolo","SOLO TUTTO","playlist finale","Playlist","ITRWL2000095","1tjOgR3A8vzYKXpqjkVgec"
"Scusa - prod. thasup","Mara Sattei","Scusa (prod. thasup)","playlist finale","Playlist","ITB002100223","7uBlznv2TJpvjHCzY7K8wO"
"polka 2 :-/","Rosa Chemical","FOREVER AND EVER","playlist finale","Playlist","ITDF62177014","3nSIfipKhCaeo2Iu2YRi3H"
"TUTTI MUOIONO (feat. BLANCO)","Madame","MADAME","playlist finale","Playlist","ITZ042100014","5QcetPeASlo1w8bACsS8ZW"
"DIMMI ORA (feat. Guè Pequeno)","Madame","MADAME","playlist finale","Playlist","ITZ042100007","1bXG3X6C0xiopzlsRdCxda"
"Hoodboy - Remix","Coyote Jo Bastard","Hoodboy (Remix)","playlist finale","Playlist","FR9W12020689","0RS1tp85979N7W73I0jBsl"
"Non Mi Fido","Side Baby","Non Mi Fido","playlist finale","Playlist","ITUM71901473","3peOFu7a5f0bez49JI6DDa"
"Grattacieli","Il Tre","ALI","playlist finale","Playlist","ITQ002000610","0ExLmiYIIiBUwko9DNPBqU"
"Outro In The Night","Gemitaiz","QVC9 - QUELLO CHE VI CONSIGLIO VOL. 9","playlist finale","Playlist","ITDF42000026","4GipSOvgko6Twojx9zE3QE"
"Angelina Jolie","Bresh","Angelina Jolie","playlist finale","Playlist","ITB002100150","0tD4EXZRm1JGDYWtKYFLWK"
"SnoB (feat. Rosa Chemical) - prod. Marz & Zef","Alfa","SnoB (feat. Rosa Chemical) - prod. Marz & Zef","playlist finale","Playlist","ITIWE2100285","5WP0vC10LZ8ECTcMVwXOTV"
"R.I.P. (feat. Trippie Redd)","Joji","BALLADS 1","playlist finale","Playlist","ZZOPM1800568","4wJ8dJKBAxdDe5cUx8K779"
"Simone","Franco126","Multisala","playlist finale","Playlist","ITLGE2100022","7hDFo4BfNpOcKZrAV2mZaa"
"Lieto fine","Franco126","Multisala","playlist finale","Playlist","ITLGE2100027","4Yh3MuIdwVYbFr00TbOaA5"
"CASA","Neima Ezza","CASA","playlist finale","Playlist","ITGGO2100005","4YhH8TVZAe2AUaz2oigGeQ"
"CANCELLI DI MEZZANOTTE (con CHIELLO)","Rkomi","TAXI DRIVER","playlist finale","Playlist","ITUM72100212","3tWjdQHkeqgFQCydN5N241"
"Miss The Rage (feat. Playboi Carti)","Trippie Redd","Miss The Rage (feat. Playboi Carti)","playlist finale","Playlist","QZJ842000983","2BITQ360Knh6qNAOqR7Dyq"
"10 RAGAZZE (con ERNIA)","Rkomi","TAXI DRIVER","playlist finale","Playlist","ITUM72100209","4rstEjIOddR5CuzzLv2bhS"
"PARTIRE DA TE","Rkomi","TAXI DRIVER","playlist finale","Playlist","ITUM72100201","43mGIsFZwISk1WWTcAK728"
"Tutto il resto è noi","Nayt","MOOD","playlist finale","Playlist","ITHZX2100001","5lSVipVtewS5AsTcM8ZbTD"
"Favolacce - Acoustic Version","Nayt","MOOD","playlist finale","Playlist","ITHZX2100003","5Hm6VgbuZIdh3t5U3zR2NR"
"Body (Remix) [feat. ArrDee, E1 (3x3), ZT (3x3), Bugzy Malone, Buni, Fivio Foreign & Darkoo]","Tion Wayne","Body (Remix) [feat. ArrDee, E1 (3x3), ZT (3x3), Bugzy Malone, Buni, Fivio Foreign & Darkoo]","playlist finale","Playlist","GBAHS2100229","6uvMKqNlrSvcC4NaKnrwjZ"
"La Prima Volta","Ernia","Gemelli (ascendente Milano)","playlist finale","Playlist","ITUM72100237","3Tfl0pfnK589LKD0vJmgCZ"
"HO SPENTO IL CIELO (con TOMMASO PARADISO)","Rkomi","TAXI DRIVER","playlist finale","Playlist","ITUM72100202","0O4g4sRSY8SmVu95k5z9mq"
"Lewandowski VII","Ernia","Gemelli (ascendente Milano)","playlist finale","Playlist","ITUM72100214","37hdLoozh7mKLbDeO5GAt8"
"MEZZO SPORT (64 Bars)","Lazza","Red Bull 64 Bars, The Album","playlist finale","Playlist","ITUM72000733","1E1GdxDTeJhZkqy3mrIIid"
"DIO PERDONAMI (64 Bars)","BLANCO","Red Bull 64 Bars, The Album","playlist finale","Playlist","ITUM72100455","2aQFSb48FUc5uBvIkF5CKN"
"64 BARRE DI PAURA","Marracash","Red Bull 64 Bars, The Album","playlist finale","Playlist","ITUM72001389","3xhovobvcDab7lEV2MGKMh"
"BRNBQ","Sfera Ebbasta","Sfera Ebbasta","playlist finale","Playlist","ITUM71600521","4RrQWA8KUgb1CfcYOVB2Zz"
"Camelot","Leon Faun","Camelot","playlist finale","Playlist","ITDF62177056","7MOpPBymDAWN9wi9UDhhBp"
"Ke Lo Ke (feat. Lazza & Gazo)","Tony Effe","Untouchable","playlist finale","Playlist","ITUM72100432","0eiF9S0zXS0uAUPzb0gP8i"
"C'era una volta","Leon Faun","C'era una volta","playlist finale","Playlist","ITDF62177055","5CVxRagSP0mygbq68883fH"
"Poi Poi Poi (feat. Madame)","Leon Faun","C'era una volta","playlist finale","Playlist","ITDF62177057","0lZF63g2tpKZr8Yn8VPMKA"
"Le mie note (feat. Ernia)","Leon Faun","C'era una volta","playlist finale","Playlist","ITDF62177059","6IJmYSwqpqnjahBYcv1CWe"
"La follia non ha età RMX (feat. Dani Faiv)","Leon Faun","C'era una volta","playlist finale","Playlist","ITDF62177063","0COmugdfmCITil997mvPHd"
"Occhi Lucidi - Orchestrale","Leon Faun","C'era una volta","playlist finale","Playlist","ITDF62177065","5TWpCg8yYON1Eas9H51AhU"
"Sabbia","bnkr44","44.DELUXE","playlist finale","Playlist","NLRD52010192","5IIO6RDDEdmSFbik9c6XZM"
"STUPIDO","Massimo Pericolo","SOLO TUTTO","playlist finale","Playlist","ITRWL2000103","6HVRRlc2sBlkcKEkhlsp86"
"DIECIMILAVOCI (con ARIETE)","Rkomi","TAXI DRIVER","playlist finale","Playlist","ITUM72100205","2u2ZTMuRZx0UG7g7w4J76R"
"PARADISO VS. INFERNO (INTERLUDE) (con ROSHELLE)","Rkomi","TAXI DRIVER","playlist finale","Playlist","ITUM72100207","1hNmQc9kFq67hSxA92ODcE"
"MARE CHE NON SEI (con GAIA)","Rkomi","TAXI DRIVER","playlist finale","Playlist","ITUM72100210","3aiuFr7ABrrRo2qJhZ6AEA"
"WUSYANAME (feat. Youngboy Never Broke Again & Ty Dolla $ign)","Tyler, The Creator","CALL ME IF YOU GET LOST","playlist finale","Playlist","USQX92102132","5B0kgjHULYJhAQkK5XsMoC"
"Ascolta","gIANMARIA","Ascolta","playlist finale","Playlist","ITOL61900090","2tX4EAq6MsQcncVfrNE1EP"
"Mamma scusa","gIANMARIA","Mamma scusa","playlist finale","Playlist","ITOL61900081","7CINFkvPgGOWmlfxbZvIh0"
"Phone Numbers","Dominic Fike","Phone Numbers","playlist finale","Playlist","USQX91901664","3f9Mzvd3URfbbIJBX4pz9Z"
"Hurricane","Kanye West","Donda","playlist finale","Playlist","USUM72116311","0RbW8kWozrVSIGb4V13o0o"
"Off The Grid","Kanye West","Donda","playlist finale","Playlist","USUM72116304","2gbMPBrBVj3CuNTLp2dHYs"
"Moon","Kanye West","Donda","playlist finale","Playlist","USUM72116291","2Rd4eJ4KwXQQn2sMSToyUM"
"MALEDETTAMENTE TE","MACHETE","CANTERA MACHETE, VOL. I","playlist finale","Playlist","ITB002100901","7kDpz928r4RMXuTSuRJltJ"
"...And to Those I Love, Thanks for Sticking Around","$uicideboy$","Stop Staring At the Shadows","playlist finale","Playlist","QZAPK1900020","30QR0ndUdiiMQMA9g1PGCm"
"Alone Again","The Weeknd","After Hours","playlist finale","Playlist","USUG12000650","6b5P51m8xx2XA6U7sdNZ5E"
"Blu Celeste","BLANCO","Blu Celeste","playlist finale","Playlist","ITUM72100907","0BeXxjO6mgLDzg4xA6UheO"
"Afrodite","BLANCO","Blu Celeste","playlist finale","Playlist","ITUM72100913","5AfqbfOmAdHHxckT0bkAlz"
"Sai Cosa C’è","BLANCO","Blu Celeste","playlist finale","Playlist","ITUM72100908","3NI4VgVswVf503sOiZvv4m"
"Love Anthem, No. 1","Venerus","Love Anthem","playlist finale","Playlist","ITFR81910023","3oBVv54hTMSYXXJGxO5JxJ"
"Passionfruit","Drake","More Life","playlist finale","Playlist","USCM51700072","5mCPDVBb16L4XQwDdbRUpz"
"Call Out My Name","The Weeknd","My Dear Melancholy,","playlist finale","Playlist","USUG11800560","09mEdoA6zrmBPgTEN5qXmN"
"Cigni","Ernia","Gemelli","playlist finale","Playlist","ITUM72000310","5n0VcwXkygxmn2WqRYvdMi"
"Redbone","Childish Gambino","""Awaken, My Love!""","playlist finale","Playlist","USYAH1600107","0wXuerDYiBnERgIpbb3JBR"
"3 Nights","Dominic Fike","Don't Forget About Me, Demos","playlist finale","Playlist","USQX91802455","0uI7yAKUf52Cn7y3sYyjiX"
"Father Stretch My Hands Pt. 1","Kanye West","The Life Of Pablo","playlist finale","Playlist","USUM71603067","4KW1lqgSr8TKrvBII0Brf8"
"Quanto ti vorrei","chiello","Quanto ti vorrei","playlist finale","Playlist","ITDF62177116","1AC9rHDPQC3QoC3iYPeSEI"
"Moth To A Flame (with The Weeknd)","Swedish House Mafia","Moth To A Flame","playlist finale","Playlist","USUG12105524","2gpWyfu7eZ01zzncHpxOtA"
"La mia noia","Nayt","La mia noia","playlist finale","Playlist","ITHZX2100008","6WiOjINB7nlI0Ls0GUPRMX"
"Mortale","Nayt","DOOM","playlist finale","Playlist","ITHZX2100007","4Kp2OEKh3cVUPC1WeYPAn6"
"No Role Modelz","J. Cole","2014 Forest Hills Drive","playlist finale","Playlist","USQX91402598","62vpWI1CHwFy7tMIcSStl8"
"Clash (feat. Stormzy)","Dave","We're All Alone In This Together","playlist finale","Playlist","GBUM72103840","2zxEc1GCSCxbHIXTfhraRC"
"∞ LOVE (feat. Guè)","Marracash","NOI, LORO, GLI ALTRI","playlist finale","Playlist","ITUM72101342","2VyZWWKamfq7kVnh5gMgPd"
"CRAZY LOVE","Marracash","NOI, LORO, GLI ALTRI","playlist finale","Playlist","ITUM72101360","3HYK8FMGNQu1Whl8DdtsRC"
"IO","Marracash","NOI, LORO, GLI ALTRI","playlist finale","Playlist","ITUM72101359","1U4dpTSsugnH510JzzCykV"
"NOI","Marracash","NOI, LORO, GLI ALTRI","playlist finale","Playlist","ITUM72101364","0FvYrmmPglHGBKJ3AtZovH"
"SOPRA LE CANZONI (con DARDUST)","Rkomi","TAXI DRIVER","playlist finale","Playlist","ITUM72100208","4ROnDd2DPnce7w44tt6YVO"
"GLI ALTRI (Giorni Stupidi)","Marracash","NOI, LORO, GLI ALTRI","playlist finale","Playlist","ITUM72101452","6LC1d03JaBFQeRmwvcKi9s"
"She Knows (feat. Amber Coffman & Cults)","J. Cole","Born Sinner (Deluxe Version)","playlist finale","Playlist","USQX91301184","0Fs9cdPDhptWEDJmiCbkEW"
"Veleno","Guè","GVESVS","playlist finale","Playlist","ITUM72101349","5b5LAmQZx3mKmhL7PQGegi"
"Piango Sulla Lambo (feat. Rose Villain)","Guè","GVESVS","playlist finale","Playlist","ITUM72101343","7u02ZUejB2uhTw1WuFXrlf"
"Take My Breath","The Weeknd","Dawn FM","playlist finale","Playlist","USUG12106684","2vgUijXOTRMnWXDtvgMp2b"
"Is There Someone Else?","The Weeknd","Dawn FM","playlist finale","Playlist","USUG12106692","0mL82sxCRjrs3br407IdJh"
"SOGNI MATTI (feat. Leon Faun & Drast)","Sick Luke","X2","playlist finale","Playlist","ITB262101050","0xD1pdwAdoa6SrBPoOyHDz"
"Here We Go… Again (feat. Tyler, the Creator)","The Weeknd","Dawn FM","playlist finale","Playlist","USUG12106690","1NhjYYcYTRywc0di98xHxf"
"Nessuno (feat. Coez)","Guè","GVESVS","playlist finale","Playlist","ITUM72101347","3ntunhGFy9JVRxG5qXlGSl"
"DREAM TEAM (feat. Pyrex, Capo Plaza, Tedua & Shiva)","Sick Luke","X2","playlist finale","Playlist","ITB262101020","1QlqHpITeEHB4EWFGqks9J"
"INSUPERABILE","Rkomi","INSUPERABILE","playlist finale","Playlist","ITUM72200018","6jBw7Ov6kOVyyCqlsLyNdL"
"Brividi","Mahmood","Brividi","playlist finale","Playlist","ITUM72200040","1ZMGp9MTXbtAPvcKa0U3zS"
"Sorpresa (feat. Nayt)","CanovA","Sorpresa (feat. Nayt)","playlist finale","Playlist","ITB002101274","2JbrFFQEv0HgWZnsXaY4v7"
"Quella foto di noi due","Emis Killa","Supereroe","playlist finale","Playlist","ITB261800430","10hc6GvyWhe2E48PAfQrdD"
"Andrea","Bresh","Andrea","playlist finale","Playlist","ITB002101416","03j2Lo97VCDprSk8oLb8Gi"
"All The Stars (with SZA)","Kendrick Lamar","Black Panther The Album Music From And Inspired By","playlist finale","Playlist","USUM71713947","3GCdLUSnKSMJhs4Tj6CV3s"
"Praise God","Kanye West","Donda","playlist finale","Playlist","USUM72116287","0WSEq9Ko4kFPt8yo3ICd6T"
"Catrame (Piano Solo) [feat. Elodie & Tedua]","Lazza","Re Mida (Aurum)","playlist finale","Playlist","ITUM71900981","5tuLtRFgZe0Y7WISDOccYE"
"La Nuova Stella Di Broadway","Cesare Cremonini","La Teoria Dei Colori","playlist finale","Playlist","ITZL91200009","3qtuOAI0YyfoBM1s7Tvm46"
"Tran Tran","Sfera Ebbasta","Rockstar","playlist finale","Playlist","ITUM71700739","3cGuiySfwJPXqvE15OiEEg"
"Cupido (feat. Quavo)","Sfera Ebbasta","Rockstar","playlist finale","Playlist","ITUM71701731","0dLToDou8YHYJpQltj3Ijy"
"SUI MURI","PSICOLOGI","SUI MURI","playlist finale","Playlist","ITLGE2100113","5M3SYjElWjKlD3jgONFw4w"
"Giornate vuote (feat. Gemitaiz)","Frenetik&Orang3","Giornate vuote (feat. Gemitaiz)","playlist finale","Playlist","ITFR81810063","1sZX1kdlVK3DbcuJXBnlqY"
"Alcool & Acqua (feat. PSICOLOGI)","Bresh","ORO BLU","playlist finale","Playlist","ITB002101419","0Zzsd4ZawVM3VOoF7iRs9g"
"Tuttok","Nayt","DOOM","playlist finale","Playlist","ITHZX2100011","0WI4Oe17LXAWCekzAEPCWi"
"Ulisse","Bresh","ORO BLU","playlist finale","Playlist","ITB002101415","0ebN689X4Xt43oaHGoeZWZ"
"Nei treni la notte","Frah Quintale","Regardez moi","playlist finale","Playlist","ITNTP1700032","6NAbLPUknE9nKxQJeFGFKa"
"Svuotatasche","Bresh","ORO BLU","playlist finale","Playlist","ITB002101420","4cF8xXRteGQypocjEOtdAd"
"Adesso","Gemitaiz","Eclissi","playlist finale","Playlist","ITDF42200002","1v1ltuBMogS2CxJUW7yCyY"
"Silenzio","Gemitaiz","Eclissi","playlist finale","Playlist","ITDF42200008","5Eay94uxOnd2XrnybXoDfm"
"Jorge Lorenzo (feat. A$AP Ferg)","Gemitaiz","Eclissi","playlist finale","Playlist","ITDF42200004","1MLxLeWBxUubF89EUCPjUz"
"TAXI DRIVER","Rkomi","TAXI DRIVER","playlist finale","Playlist","ITUM72100213","1ssCVknJp7Prlt9UvaLg37"
"KUMITE","Salmo","FLOP","playlist finale","Playlist","ITB002100662","6yaNNYWPjkWHbh1jADEyJO"
"PIOVE (feat. Sfera Ebbasta)","Lazza","SIRIO","playlist finale","Playlist","ITUM72200376","6BUueuMQR4k7CuoMEsnGou"
"True Love","Kanye West","True Love","playlist finale","Playlist","USQX92202485","06JvOZ39sK8D8SqiqfaxDU"
"BABY GODDAMN","Tananai","BABY GODDAMN","playlist finale","Playlist","ITUM72100225","3yWHQ4n4ARLDfYTuT2NhnN"
"Out of Time","The Weeknd","Dawn FM","playlist finale","Playlist","USUG12106689","2SLwbpExuoBDZBpjfefCtV"
"Ciao Baby","Gemitaiz","Eclissi","playlist finale","Playlist","ITDF42200003","0tE8LYz08MdcV8UZUa1YVV"
"EARFQUAKE","Tyler, The Creator","IGOR","playlist finale","Playlist","USQX91901111","5hVghJ4KaYES3BFUATCYn0"
"Glimpse of Us","Joji","Glimpse of Us","playlist finale","Playlist","USWB12201789","6xGruZOHLs39ZbVccQTuPZ"
"Nostalgia","BLANCO","Nostalgia","playlist finale","Playlist","ITUM72200877","22gH5Qg5j5ZzF7LaR7Nrkj"
"Cash In Cash Out","Pharrell Williams","Cash In Cash Out","playlist finale","Playlist","USSM12202926","3S68RFe1lsdCdTMPIMJM3X"
"Save Your Tears","The Weeknd","After Hours","playlist finale","Playlist","USUG12000658","5QO79kh1waicV47BqGRL3g"
"Over","Lucky Daye","Candydrip","playlist finale","Playlist","USRC12102179","23CKxEwKWsLs6LD5poGOLM"
"USCITO DI GALERA","Lazza","SIRIO","playlist finale","Playlist","ITUM72200382","01DXwNf1GzEJkYTbXgL0eb"
"NEW MAGIC WAND","Tyler, The Creator","IGOR","playlist finale","Playlist","USQX91901115","0fv2KH6hac06J86hBUTcSf"
"lipgloss","Chakra","lipgloss","playlist finale","Playlist","QZK6H2244816","43J1dnrDwNWDGfXBZhnfYb"
"s!r! (feat. Lazza & Sfera Ebbasta)","thasup","s!r! (feat. Lazza & Sfera Ebbasta)","playlist finale","Playlist","ITB002200635","3gUzi41YOt3VExeyHSLsMj"
"HONEST","Baby Keem","DIE FOR MY BITCH","playlist finale","Playlist","QM6N21900313","58k32my5lKofeZRtIvBDg9"
"Mr. Rager","Kid Cudi","Man On The Moon II: The Legend Of Mr. Rager","playlist finale","Playlist","USUM71025042","393MDhe62s8hbH8ETrlxe5"
"In Your Eyes","The Weeknd","After Hours","playlist finale","Playlist","USUG12000657","7szuecWAPwGoV1e5vGu8tl"
"Il meglio di te","Bresh","Il meglio di te","playlist finale","Playlist","ITB002200581","2eTXrwuncNqUOAxw2YJ8lv"
"Less Than Zero","The Weeknd","Dawn FM","playlist finale","Playlist","USUG12106698","2D4dV2KXDTszzJ3p3cFqhA"
"Cardigan","Don Toliver","Heaven Or Hell","playlist finale","Playlist","USAT22000786","0Li1OuXXfi7950ilZUFGkF"
"love.","Kid Cudi","The Boy Who Flew To The Moon (Vol. 1)","playlist finale","Playlist","USUM72212692","5XFoaqV1Z8XaLJidchVWhh"
"family ties (with Kendrick Lamar)","Baby Keem","The Melodic Blue","playlist finale","Playlist","USSM12105949","3QFInJAm9eyaho5vBzxInN"
"Ferrari - Remix","James Hype","Ferrari (Remix)","playlist finale","Playlist","GBUM72206211","3XucsgiwXb8KPn9Csf9Zmu"
"mi @mi o è f@ke","thasup","c@ra++ere s?ec!@le","playlist finale","Playlist","ITB002200617","3W2tsZcoDxmNQaw61Kz1rb"
"cas!no nella m!a testa (feat. Salmo)","thasup","c@ra++ere s?ec!@le","playlist finale","Playlist","ITB002200625","18lJsd5w1ckiC8sebawPJA"
"PARA' - feat. Tedua","Bresh","CHE IO MI AIUTI","playlist finale","Playlist","ITB002000046","4dTZAG78TpWGifu1kMefaF"
"OUV3RTURE","Lazza","OUV3RTURE","playlist finale","Playlist","ITUM72200370","6Zm34v95snSUecBXqHeu8t"
"Non Ho Eroi","Bresh","Che io ci aiuti","playlist finale","Playlist","ITB002000424","6DjMUbBL4Bqg32cq6FmwyA"
"Miss You","Oliver Tree","Miss You","playlist finale","Playlist","USAT22211992","73vIOb4Q7YN6HeJTbscRx5"
"GOD FORBID","T:ME","THE DEATH OF ROBERT SCOTT","playlist finale","Playlist","QZHN32270407","7DKUPwv37Z3ihHc4IoCav0"
"I Was Never There","The Weeknd","My Dear Melancholy,","playlist finale","Playlist","USUG11800570","1cKHdTo9u0ZymJdPGSh6nq"
"SKELETONS","Travis Scott","ASTROWORLD","playlist finale","Playlist","USSM11806664","6NMtzpDQBTOfJwMzgMX0zl"
"Pink + White","Frank Ocean","Blonde","playlist finale","Playlist","QZ5C81600003","3xKsf9qdS1CyvXSMEid6g8"
"Da zero","Nayt","DOOM","playlist finale","Playlist","ITHZX2100015","0aFUAecJBaYgJHSu0uBf7a"
"Lavender Sunflower","Tory Lanez","Alone At Prom","playlist finale","Playlist","QZTGW2100276","1au2UduxcvHfa0fZS3Szci"
"The Color Violet","Tory Lanez","Alone At Prom","playlist finale","Playlist","QZTGW2100275","3azJifCSqg9fRij2yKIbWz"
"BEST INTEREST","Tyler, The Creator","BEST INTEREST","playlist finale","Playlist","USQX92000078","3jHdKaLCkuNEkWcLVmQPCX"
"Creepin' (with The Weeknd & 21 Savage)","Metro Boomin","HEROES & VILLAINS","playlist finale","Playlist","USUG12208791","64BuLY7ggczC17w5LSUlSE"
"Too Many Nights (feat. Don Toliver & with Future)","Metro Boomin","HEROES & VILLAINS","playlist finale","Playlist","USUG12208784","2Hh3ETdQKrmSI3QS0hme7g"
"Chamber Of Reflection","Mac DeMarco","Salad Days","playlist finale","Playlist","QMMZN1300568","7H7NyZ3G075GqPx2evsfeb"
"CHIAGNE (feat. Lazza & Takagi & Ketra)","Geolier","CHIAGNE (feat. Lazza & Takagi & Ketra)","playlist finale","Playlist","ITB002200834","36EFgeHW1tOUyMAhZ6cjfD"
"Superhero (Heroes & Villains) [with Future & Chris Brown]","Metro Boomin","HEROES & VILLAINS","playlist finale","Playlist","USUG12208783","0vjeOZ3Ft5jvAi9SBFJm1j"
"Party With A Jagaban","Midas the Jagaban","Party With A Jagaban","playlist finale","Playlist","GB2DY2000549","5BkBcXJ0rDRlnzh3tmknxI"
"PIOVE (Concertos)","Lazza","SIRIO (Concertos)","playlist finale","Playlist","ITUM72201911","4rqFWEYlbjNs7QNHSPbdcr"
"PANICO (Concertos)","Lazza","SIRIO (Concertos)","playlist finale","Playlist","ITUM72201916","2cKR85Z4MjghoBv8Oj5NaM"
"ALIBI (Concertos)","Lazza","SIRIO (Concertos)","playlist finale","Playlist","ITUM72201909","1ZzmgCZFdn5QPedBLmhDFk"
"SENZA RUMORE (Concertos)","Lazza","SIRIO (Concertos)","playlist finale","Playlist","ITUM72201912","5shJNBo1wCEqNJ2uN6SySz"
"Centro (feat. Coez)","MadMan","Back Home","playlist finale","Playlist","ITDF41800007","6DGl9TtxYTpMFrmZa1mwEz"
"Rumble","Skrillex","Rumble","playlist finale","Playlist","USAT22221613","1GfBLbAhZUWdseuDqhocmn"
"Cookies N' Cream (feat. ANNA & Sfera Ebbasta)","Guè","Madreperla","playlist finale","Playlist","ITUM72201968","1xUnvxp9DFrpwXnO0RHKUp"
"Guasto D'Amore","Bresh","Guasto D'Amore","playlist finale","Playlist","ITB002300119","4CQNELF3U3gyNcI6sLr6yK"
"Need U 2Nite (feat. Massimo Pericolo)","Guè","Madreperla","playlist finale","Playlist","ITUM72201969","4cfwlJOM85bCQ8drN9iY1r"
"Hot (Remix) [feat. Gunna and Travis Scott]","Young Thug","So Much Fun (Deluxe)","playlist finale","Playlist","USAT21906512","4ea9w8c4ROqiZpJVhfBA3m"
"CENERE","Lazza","CENERE","playlist finale","Playlist","ITUM72300007","1YSlNly5I4GAGg2Toc3snK"
"MADE IN ITALY","Rosa Chemical","MADE IN ITALY","playlist finale","Playlist","ITUM72300006","35BICD5dEJLVicj9cV0jhe"
"ACQUA TONICA (feat. Geolier & Junior K)","Ernia","IO NON HO PAURA","playlist finale","Playlist","ITUM72201512","3WVXxfB3B76CkG2wglKotj"
"IL MIO NOME","Ernia","IO NON HO PAURA","playlist finale","Playlist","ITUM72201516","50BtIqilFzXVUMVC6ddTDa"
"Die For You","Joji","SMITHEREENS","playlist finale","Playlist","USWB12203732","26hOm7dTtBi0TdpDGl141t"
"Cattiva","NASKA","Cattiva","playlist finale","Playlist","ITNIE2200021","0Pb8FIL8fecpxJCVgSxdWL"
"USCITO DI GALERA (Concertos)","Lazza","SIRIO (Concertos)","playlist finale","Playlist","ITUM72201914","49Ra6jDxTekzaLA8eeIfQk"
"Watch This - ARIZONATEARS Pluggnb Remix","Lil Uzi Vert","Watch This (ARIZONATEARS Pluggnb Remix)","playlist finale","Playlist","USAT22301358","0FA4wrjDJvJTTU8AepZTup"
"Die For You - Remix","The Weeknd","Die For You (Remix)","playlist finale","Playlist","USUG12301287","7oDd86yk8itslrA9HRP2ki"
"Big VROOM Big Ah Ah","Diss Gacha","Big VROOM Big Ah Ah","playlist finale","Playlist","ITUD52200100","0GXP7aq6Ec8b4tx1w8VNcu"
"BALLAS RMX (feat. MamboLosco, Janga ODT)","Diss Gacha","BALLAS RMX (feat. MamboLosco, Janga ODT)","playlist finale","Playlist","ITUD52100130","61Tc6VFFrxANwYbKp9ZYWT"
"200%","Diss Gacha","200%","playlist finale","Playlist","ITUD52300008","4uHe0ruDjF9fLfhmwLfNLf"
"Do It Right","Don Toliver","Do It Right","playlist finale","Playlist","USAT22220020","4ZevD501qZiFK7FY8DFn0V"
"Just Wanna Rock","Lil Uzi Vert","Just Wanna Rock","playlist finale","Playlist","USAT22219211","4FyesJzVpA39hbYvcseO2d"
"Rick Owens (feat. Drast)","Diss Gacha","Rick Owens (feat. Drast)","playlist finale","Playlist","ITUD52200089","4Znj6S7JGcu4QbCyrs1GBL"
"SORRY NOT SORRY","Tyler, The Creator","CALL ME IF YOU GET LOST: The Estate Sale","playlist finale","Playlist","USQX92301939","410ZZP746AQeiywhKvXWCo"
"Banda","Diss Gacha","Banda","playlist finale","Playlist","ITUD52100110","6NpS3FIvx18Pb8YWhdHYuB"
"Cultura Italiana","Diss Gacha","Cultura","playlist finale","Playlist","ITUD52300016","7qUmM1hAuSoohg9z9oG0m2"
"Captato","Diss Gacha","Cultura","playlist finale","Playlist","ITUD52300017","4kSEO7zOY10fak3s1KF04k"
"Gabbana x3","Diss Gacha","Cultura","playlist finale","Playlist","ITUD52300018","4tnYlnmPWn8mPGztudjXvk"
"LEWANDOWSKI X","Ernia","IO NON HO PAURA","playlist finale","Playlist","ITUM72300707","6dM0fBNHPBLcpfK0UCft5h"
"100 OPPS","Shiva","100 OPPS","playlist finale","Playlist","ITDJ72300008","32VGaGAXpPFYh0XgmHp7lI"
"Altamente Mia","Bresh","Altamente Mia","playlist finale","Playlist","ITB002300772","0hReXAWKqGzHBYnw0S1CXu"
"Michelle Pfeiffer (feat. Tony Effe)","Rose Villain","Radio Gotham","playlist finale","Playlist","ITB002200445","2i8vSdlmDhFscyM40CJUcs"
"Hoe (feat. Sfera Ebbasta)","Tedua","La Divina Commedia","playlist finale","Playlist","ITB002301003","3VtGh8xE9qRsFyY2Uj1WG3"
"Paradiso Artificiale (feat. Baby Gang & Kid Yugi)","Tedua","La Divina Commedia","playlist finale","Playlist","ITB002301001","5omIW7YOPhA6CULhkdz6jE"
"Sprinter","Dave","Sprinter","playlist finale","Playlist","GBUM72305159","2FDTHlrBguDzQkp7PVj16Q"
"provare qualcosa","Nayt","provare qualcosa","playlist finale","Playlist","ITHZX2300009","3RdqBNS8fDuQQ4nX9Id8hr"
"N95","Kendrick Lamar","Mr. Morale & The Big Steppers","playlist finale","Playlist","USUM72208963","0fX4oNGBWO3dSGUZcVdVV2"
"guerra dentro","Nayt","HABITAT","playlist finale","Playlist","ITHZX2300002","7DrgxfpXcFvoStMoqw9n31"
"FRAGILE","Nayt","HABITAT","playlist finale","Playlist","ITHZX2300001","3viY8a90sk4tcalpfsBb3V"
"Fantasmi (feat. Geolier)","Rose Villain","Radio Gotham","playlist finale","Playlist","ITB002201035","0uXDSAM6q44glALKnQQyqW"
"Embarrassed (feat. Travis Scott)","Don Toliver","Love Sick (Deluxe)","playlist finale","Playlist","USAT22302147","6w9GrSUaQQIaMBYtabge7p"
"Mona Lisa","Dominic Fike","Sunburn","playlist finale","Playlist","USQX92303644","71DSaeKtXQaMAqnvMT7Uoc"
"sdp interlude","Travis Scott","Birds In The Trap Sing McKnight","playlist finale","Playlist","USSM11607552","4gh0ZnHzaTMT1sDga7Ek0N"
"YALLA (feat. Guè & Marracash)","Drillionaire","10","playlist finale","Playlist","ITUM72301012","6YABJ1Syq8qG8fcDEtBSGr"
"CHIAMA (feat. Capo Plaza & Salmo)","Drillionaire","10","playlist finale","Playlist","ITUM72301014","2SW4aQekoeJjjVfZYsczPs"
"Polly","NASKA","REBEL","playlist finale","Playlist","ITNIE2200007","1drNpTgwd5Jfzda228o9pa"
"NESSUNO (Concertos)","Lazza","SIRIO (Concertos)","playlist finale","Playlist","ITUM72201913","1pnxBefKcBgHjUc8kWWWqr"
"Flashing Lights","Kanye West","Graduation","playlist finale","Playlist","USUM70749095","5TRPicyLGbAF2LGBFbHGvO"
"After The Storm (feat. Tyler, The Creator & Bootsy Collins)","Kali Uchis","Isolation","playlist finale","Playlist","GBUM71706492","1otG6j1WHNvl9WgXLWkHTo"
"Mollami Pt.2","Guè","Madreperla","playlist finale","Playlist","ITUM72201972","3uQLQ73joqyMYDhI2UaBOq"
"RABBIA DISTILLATA","Bresh","CHE IO MI AIUTI","playlist finale","Playlist","ITB002000045","3em916bP0hSXqbfWpYWP9g"
"FE!N (feat. Playboi Carti)","Travis Scott","UTOPIA","playlist finale","Playlist","USSM12305010","42VsgItocQwOQC3XWZ8JNA"
"MY EYES","Travis Scott","UTOPIA","playlist finale","Playlist","USSM12305007","4kjI1gwQZRKNDkw1nI475M"
"MELTDOWN (feat. Drake)","Travis Scott","UTOPIA","playlist finale","Playlist","USSM12305021","67nepsnrcZkowTxMWigSbb"
"TELEKINESIS (feat. SZA & Future)","Travis Scott","UTOPIA","playlist finale","Playlist","USSM12305019","1i9lZvlaDdWDPyXEE95aiq"
"I KNOW ?","Travis Scott","UTOPIA","playlist finale","Playlist","USSM12305012","6wsqVwoiVH2kde4k4KKAFU"
"Niente Canzoni D'Amore - Inedito","Marracash","Status (Inediti, Rarità & Live)","playlist finale","Playlist","ITUM71600010","7uu3YZytpYW15VIfa7ynJk"
"Kammy (like i do)","Fred again..","Actual Life 3 (January 1 - September 9 2022)","playlist finale","Playlist","GBAHS2201420","1tOEEEM8DFyZq3CxSHeq5f"
"Delilah (pull me out of this)","Fred again..","Actual Life 3 (January 1 - September 9 2022)","playlist finale","Playlist","GBAHS2201419","5w9upngVRHNjdZcRC7Xxr2"
"CAPO MOVES","Diss Gacha","CAPO MOVES","playlist finale","Playlist","ITB002301498","0liE5Cvv22tXUNGmtV9Arp"
"drive ME crazy!","Lil Yachty","Let’s Start Here.","playlist finale","Playlist","USUG12207176","6luBKkFUt5wTwz7hpLhp12"
"Baddadan (feat. IRAH, Flowdan, Trigga & Takura)","Chase & Status","Baddadan (feat. IRAH, Flowdan, Trigga & Takura)","playlist finale","Playlist","GBUM72306881","2ZWmmrWUgDBcPSLihBMvhg"
"Baby again..","Fred again..","Baby again..","playlist finale","Playlist","GBAHS2300215","4zlbKky2yA657Sk5rekZoR"
"ten","Fred again..","ten","playlist finale","Playlist","GBAHS2301151","5QOBT97OmYCZo1W5u7tRrB"
"Babydoll","Dominic Fike","Don't Forget About Me, Demos","playlist finale","Playlist","USQX91802457","7yNf9YjeO5JXUE3JEBgnYc"
"Prefissi","Guè","Madreperla","playlist finale","Playlist","ITUM72201965","19ik2WLPpAWJIy3k3Q2a2L"
"adore u","Fred again..","adore u","playlist finale","Playlist","GBAHS2300908","3YgtkOxZsTuaZdL8McA1FQ"
"15 Piani","Sfera Ebbasta","X2VR","playlist finale","Playlist","ITUM72301339","05wb6MEyJeG2z1MVCIXxC8"
"leavemealone","Fred again..","leavemealone","playlist finale","Playlist","GBAHS2301465","1MVqeIAwhD4T44AKVkIfic"
"One Of The Girls (with JENNIE, Lily Rose Depp)","The Weeknd","The Idol Episode 4 (Music from the HBO Original Series)","playlist finale","Playlist","USUG12303881","7CyPwkp0oE8Ro9Dd5CUDjW"
"Wants and Needs (feat. Lil Baby)","Drake","Scary Hours 2","playlist finale","Playlist","USUG12101042","65OVbaJR5O1RmwOQx0875b"
"Ballon d'Or (feat. Nayt)","Gemitaiz","QVC 10 - Quello Che Vi Consiglio Vol. 10","playlist finale","Playlist","ITDF42300011","5aVUDn1F4x26UkHFVgWsiE"
"Trance (with Travis Scott & Young Thug)","Metro Boomin","HEROES & VILLAINS","playlist finale","Playlist","USUG12208787","5wG3HvLhF6Y5KTGlK0IW3J"
"Say The Word (feat. Clementine Douglas)","Chase & Status","2 RUFF, Vol. 1","playlist finale","Playlist","GBUM72308742","1V83L9oCbfir9q75yNbB1V"
"Paura E Delirio A Milano (feat. Tony Effe, Dylan, Side Baby)","Ghali","PIZZA KEBAB Vol. 1","playlist finale","Playlist","ITQ002300907","44hjRBoW648rQndFHKlgXQ"
"Danielle (smile on my face)","Fred again..","Danielle (smile on my face)","playlist finale","Playlist","GBAHS2201033","2sLVs5iX0osogh4jcsAJkv"
"Liquor & Cigarettes (feat. ArrDee)","Chase & Status","2 RUFF, Vol. 1","playlist finale","Playlist","GBUM72307879","5etN0BsaiQlp0D6ltU4BX7"
"Selecta (feat. Stefflon Don)","Chase & Status","2 RUFF, Vol. 1","playlist finale","Playlist","GBUM72308740","6TlFnB8GBrlILKv5qy27Sn"
"RESPIRA (feat. Marracash)","Salmo","CVLT","playlist finale","Playlist","ITB002301267","2zuRZkoWxoNtKaA4Q44f44"
"Down With Me","Lil Tecca","Down With Me","playlist finale","Playlist","USUM72400053","5ZDIwpR2JMwuRM8xumtmxn"
"Nato Per Questo (feat. Marracash)","Club Dogo","Club Dogo","playlist finale","Playlist","ITUM72301496","2orGI5VXRF4uplYVuvdRyU"
"Lifetime","Tobiahs","Lifetime","playlist finale","Playlist","AULI02355900","1oH6oeK8iKeRL9VTQY5w2r"
"PAROLA - feat. Lazza, Emis Killa","Giaime","CHIC","playlist finale","Playlist","IT1F71900055","4XxQOwmNM0DF3bKafSJBNw"
"Popular (with Playboi Carti & Madonna)","The Weeknd","Popular","playlist finale","Playlist","USUG12303876","1L8ObNUDCh7k6GwDIbfx9Q"
"SCIENTISTS & ENGINEERS (feat. Future & Eryn Allen Kane)","Killer Mike","MICHAEL","playlist finale","Playlist","USC4R2332611","1UsPflAuWTNteFUPJAJe8E"
"BANDIT","Don Toliver","Bandit","playlist finale","Playlist","USAT22400561","7sTyAjxDXq9afwfSQy6D0s"
"CARNIVAL","¥$","VULTURES 1","playlist finale","Playlist","QZ7XS2400012","3w0w2T288dec0mgeZZqoNN"
"MONOPOLIO (feat. Kid Yugi, Nerissima Serpe)","TY1","DJUNGLE UNCHAINED","playlist finale","Playlist","ITDF62277089","7KTseTI8UdMT4WUIOmjTQC"
"You (feat. Travis Scott)","Don Toliver","Life of a DON","playlist finale","Playlist","USAT22106119","4qS2KPWvsQzLvRa9oCHw41"
"Mattone (feat. Kuremino, Nerissima Serpe)","Papa V","Mattone (feat. Kuremino, Nerissima Serpe)","playlist finale","Playlist","ITM382400028","4y3YU54bscjGFRMNlFW8Mx"
"90210 (feat. Kacy Hill)","Travis Scott","Rodeo","playlist finale","Playlist","USSM11506731","51EC3I1nQXpec4gDk0mQyP"
"Habitué - Italian Remix","Dosseh","Habitué (Italian Remix)","playlist finale","Playlist","FRUM71900213","3z50RSsxr4gvmTu8MXmoKv"
"stayinit","Fred again..","stayinit","playlist finale","Playlist","GBAHS2400085","6WS2TcsMEGOFtveWbtbuwZ"